-- phpMyAdmin SQL Dump
-- version 4.9.0.1
-- https://www.phpmyadmin.net/
--
-- Host: 127.0.0.1
-- Generation Time: Apr 20, 2020 at 11:50 AM
-- Server version: 10.4.6-MariaDB
-- PHP Version: 7.1.32

SET SQL_MODE = "NO_AUTO_VALUE_ON_ZERO";
SET AUTOCOMMIT = 0;
START TRANSACTION;
SET time_zone = "+00:00";


/*!40101 SET @OLD_CHARACTER_SET_CLIENT=@@CHARACTER_SET_CLIENT */;
/*!40101 SET @OLD_CHARACTER_SET_RESULTS=@@CHARACTER_SET_RESULTS */;
/*!40101 SET @OLD_COLLATION_CONNECTION=@@COLLATION_CONNECTION */;
/*!40101 SET NAMES utf8mb4 */;

--
-- Database: `bagisto`
--

--
-- Dumping data for table `admins`
--

INSERT INTO `admins` (`id`, `name`, `email`, `password`, `api_token`, `status`, `role_id`, `remember_token`, `created_at`, `updated_at`) VALUES
(2, 'Azat', 'mkhitaryan103@gmail.com', '$2y$10$YgQmHq/Lc0c4UGNLD.luhuh2WqGKYUfPiKpVWlBjZrWaOU71dH0iq', NULL, 1, 1, NULL, NULL, NULL);

--
-- Dumping data for table `attributes`
--

INSERT INTO `attributes` (`id`, `code`, `admin_name`, `type`, `validation`, `position`, `is_required`, `is_unique`, `value_per_locale`, `value_per_channel`, `is_filterable`, `is_configurable`, `is_user_defined`, `is_visible_on_front`, `created_at`, `updated_at`, `swatch_type`, `use_in_flat`) VALUES
(1, 'sku', 'SKU', 'text', NULL, 1, 1, 1, 0, 0, 0, 0, 0, 0, '2020-02-28 16:27:29', '2020-02-28 16:27:29', NULL, 1),
(2, 'name', 'Name', 'text', NULL, 2, 1, 0, 1, 1, 0, 0, 0, 0, '2020-02-28 16:27:29', '2020-02-28 16:27:29', NULL, 1),
(3, 'url_key', 'URL Key', 'text', NULL, 3, 1, 1, 0, 0, 0, 0, 0, 0, '2020-02-28 16:27:29', '2020-02-28 16:27:29', NULL, 1),
(4, 'tax_category_id', 'Tax Category', 'select', '', 4, 0, 0, 0, 1, 0, 0, 0, 0, '2020-02-28 16:27:29', '2020-03-16 15:16:15', NULL, 0),
(5, 'new', 'New', 'boolean', NULL, 5, 0, 0, 0, 0, 0, 0, 0, 0, '2020-02-28 16:27:29', '2020-02-28 16:27:29', NULL, 1),
(6, 'featured', 'Featured', 'boolean', NULL, 6, 0, 0, 0, 0, 0, 0, 0, 0, '2020-02-28 16:27:29', '2020-02-28 16:27:29', NULL, 1),
(7, 'visible_individually', 'Visible Individually', 'boolean', '', 7, 0, 0, 0, 0, 0, 0, 0, 0, '2020-02-28 16:27:29', '2020-03-16 15:14:58', NULL, 0),
(8, 'status', 'Status', 'boolean', NULL, 8, 1, 0, 0, 0, 0, 0, 0, 0, '2020-02-28 16:27:29', '2020-02-28 16:27:29', NULL, 1),
(9, 'short_description', 'Short Description', 'textarea', NULL, 9, 1, 0, 1, 1, 0, 0, 0, 0, '2020-02-28 16:27:29', '2020-02-28 16:27:29', NULL, 1),
(10, 'description', 'Description', 'textarea', NULL, 10, 1, 0, 1, 1, 0, 0, 0, 0, '2020-02-28 16:27:29', '2020-02-28 16:27:29', NULL, 1),
(11, 'price', 'Price', 'price', 'decimal', 11, 1, 0, 0, 0, 1, 0, 0, 0, '2020-02-28 16:27:29', '2020-02-28 16:27:29', NULL, 1),
(12, 'cost', 'Cost', 'price', 'decimal', 12, 0, 0, 0, 1, 0, 0, 1, 0, '2020-02-28 16:27:29', '2020-02-28 16:27:29', NULL, 1),
(13, 'special_price', 'Special Price', 'price', 'decimal', 13, 0, 0, 0, 0, 0, 0, 0, 0, '2020-02-28 16:27:29', '2020-02-28 16:27:29', NULL, 1),
(14, 'special_price_from', 'Special Price From', 'date', NULL, 14, 0, 0, 0, 1, 0, 0, 0, 0, '2020-02-28 16:27:29', '2020-02-28 16:27:29', NULL, 1),
(15, 'special_price_to', 'Special Price To', 'date', NULL, 15, 0, 0, 0, 1, 0, 0, 0, 0, '2020-02-28 16:27:29', '2020-02-28 16:27:29', NULL, 1),
(16, 'meta_title', 'Meta Title', 'textarea', NULL, 16, 0, 0, 1, 1, 0, 0, 0, 0, '2020-02-28 16:27:29', '2020-02-28 16:27:29', NULL, 1),
(17, 'meta_keywords', 'Meta Keywords', 'textarea', NULL, 17, 0, 0, 1, 1, 0, 0, 0, 0, '2020-02-28 16:27:29', '2020-02-28 16:27:29', NULL, 1),
(18, 'meta_description', 'Meta Description', 'textarea', NULL, 18, 0, 0, 1, 1, 0, 0, 1, 0, '2020-02-28 16:27:29', '2020-02-28 16:27:29', NULL, 1),
(19, 'width', 'Width', 'text', 'decimal', 19, 0, 0, 0, 0, 0, 0, 1, 0, '2020-02-28 16:27:29', '2020-02-28 16:27:29', NULL, 1),
(20, 'height', 'Height', 'text', 'decimal', 20, 0, 0, 0, 0, 0, 0, 1, 0, '2020-02-28 16:27:29', '2020-02-28 16:27:29', NULL, 1),
(21, 'depth', 'Depth', 'text', 'decimal', 21, 0, 0, 0, 0, 0, 0, 1, 0, '2020-02-28 16:27:29', '2020-02-28 16:27:29', NULL, 1),
(22, 'weight', 'Weight', 'text', 'decimal', 22, 1, 0, 0, 0, 0, 0, 0, 0, '2020-02-28 16:27:29', '2020-02-28 16:27:29', NULL, 1),
(23, 'color', 'Color', 'select', NULL, 23, 0, 0, 0, 0, 1, 1, 1, 0, '2020-02-28 16:27:29', '2020-02-28 16:27:29', NULL, 1),
(24, 'size', 'Size', 'select', '', 24, 0, 0, 0, 0, 1, 1, 1, 0, '2020-02-28 16:27:29', '2020-03-16 15:52:03', 'text', 1),
(25, 'brand', 'Brand', 'select', NULL, 25, 0, 0, 0, 0, 1, 0, 0, 1, '2020-02-28 16:27:29', '2020-02-28 16:27:29', NULL, 1),
(26, 'guest_checkout', 'Guest Checkout', 'boolean', NULL, 8, 1, 0, 0, 0, 0, 0, 0, 0, '2020-02-28 16:27:29', '2020-02-28 16:27:29', NULL, 1),
(27, 'volume', 'Volume', 'text', 'numeric', NULL, 1, 0, 0, 0, 0, 1, 1, 1, '2020-03-16 15:01:38', '2020-03-16 15:03:25', NULL, 1);

--
-- Dumping data for table `attribute_families`
--

INSERT INTO `attribute_families` (`id`, `code`, `name`, `status`, `is_user_defined`) VALUES
(1, 'default', 'Default', 0, 1);

--
-- Dumping data for table `attribute_groups`
--

INSERT INTO `attribute_groups` (`id`, `name`, `position`, `is_user_defined`, `attribute_family_id`) VALUES
(1, 'General', 1, 0, 1),
(2, 'Description', 2, 0, 1),
(3, 'Meta Description', 3, 0, 1),
(4, 'Price', 4, 0, 1),
(5, 'Shipping', 5, 0, 1);

--
-- Dumping data for table `attribute_group_mappings`
--

INSERT INTO `attribute_group_mappings` (`attribute_id`, `attribute_group_id`, `position`) VALUES
(1, 1, 1),
(2, 1, 2),
(3, 1, 3),
(4, 1, 4),
(5, 1, 5),
(6, 1, 6),
(7, 1, 7),
(8, 1, 8),
(9, 2, 1),
(10, 2, 2),
(11, 4, 1),
(12, 4, 2),
(13, 4, 3),
(14, 4, 4),
(15, 4, 5),
(16, 3, 1),
(17, 3, 2),
(18, 3, 3),
(22, 5, 4),
(25, 1, 12),
(26, 1, 9),
(27, 1, 11);

--
-- Dumping data for table `attribute_options`
--

INSERT INTO `attribute_options` (`id`, `admin_name`, `sort_order`, `attribute_id`, `swatch_value`) VALUES
(1, 'Red', 1, 23, NULL),
(2, 'Green', 2, 23, NULL),
(3, 'Yellow', 3, 23, NULL),
(4, 'Black', 4, 23, NULL),
(5, 'White', 5, 23, NULL),
(6, 'S', 1, 24, NULL),
(7, 'M', 2, 24, NULL),
(8, 'L', 3, 24, NULL),
(9, 'XL', 4, 24, NULL);

--
-- Dumping data for table `attribute_option_translations`
--

INSERT INTO `attribute_option_translations` (`id`, `locale`, `label`, `attribute_option_id`) VALUES
(1, 'en', 'Red', 1),
(2, 'en', 'Green', 2),
(3, 'en', 'Yellow', 3),
(4, 'en', 'Black', 4),
(5, 'en', 'White', 5),
(6, 'en', 'S', 6),
(7, 'en', 'M', 7),
(8, 'en', 'L', 8),
(9, 'en', 'XL', 9),
(10, 'ru', '', 6),
(11, 'ru', '', 7),
(12, 'ru', '', 8),
(13, 'ru', '', 9);

--
-- Dumping data for table `attribute_translations`
--

INSERT INTO `attribute_translations` (`id`, `locale`, `name`, `attribute_id`) VALUES
(1, 'en', 'SKU', 1),
(2, 'en', 'Name', 2),
(3, 'en', 'URL Key', 3),
(4, 'en', 'Tax Category', 4),
(5, 'en', 'New', 5),
(6, 'en', 'Featured', 6),
(7, 'en', 'Visible Individually', 7),
(8, 'en', 'Status', 8),
(9, 'en', 'Short Description', 9),
(10, 'en', 'Description', 10),
(11, 'en', 'Price', 11),
(12, 'en', 'Cost', 12),
(13, 'en', 'Special Price', 13),
(14, 'en', 'Special Price From', 14),
(15, 'en', 'Special Price To', 15),
(16, 'en', 'Meta Description', 16),
(17, 'en', 'Meta Keywords', 17),
(18, 'en', 'Meta Description', 18),
(19, 'en', 'Width', 19),
(20, 'en', 'Height', 20),
(21, 'en', 'Depth', 21),
(22, 'en', 'Weight', 22),
(23, 'en', 'Color', 23),
(24, 'en', 'Size', 24),
(25, 'en', 'Brand', 25),
(26, 'en', 'Allow Guest Checkout', 26),
(27, 'en', 'Volume', 27),
(28, 'ru', 'Volume', 27),
(29, 'ru', '', 7),
(30, 'ru', '', 4),
(31, 'ru', '', 24);

--
-- Dumping data for table `cart`
--

INSERT INTO `cart` (`id`, `customer_email`, `customer_first_name`, `customer_last_name`, `shipping_method`, `coupon_code`, `is_gift`, `items_count`, `items_qty`, `exchange_rate`, `global_currency_code`, `base_currency_code`, `channel_currency_code`, `cart_currency_code`, `grand_total`, `base_grand_total`, `sub_total`, `base_sub_total`, `tax_total`, `base_tax_total`, `discount_amount`, `base_discount_amount`, `checkout_method`, `is_guest`, `is_active`, `conversion_time`, `customer_id`, `channel_id`, `created_at`, `updated_at`, `applied_cart_rule_ids`) VALUES
(12, NULL, NULL, NULL, NULL, NULL, 0, 1, '1.0000', NULL, 'USD', 'USD', 'USD', 'USD', '100.0000', '100.0000', '100.0000', '100.0000', '0.0000', '0.0000', '0.0000', '0.0000', NULL, 1, 1, NULL, NULL, 1, '2020-03-17 14:56:19', '2020-03-17 14:56:19', ''),
(13, NULL, NULL, NULL, NULL, NULL, 0, 1, '22.0000', NULL, 'USD', 'USD', 'USD', 'USD', '2200.0000', '2200.0000', '2200.0000', '2200.0000', '0.0000', '0.0000', '0.0000', '0.0000', NULL, 1, 1, NULL, NULL, 1, '2020-03-17 14:56:37', '2020-03-17 15:33:00', ''),
(16, NULL, NULL, NULL, NULL, NULL, 0, 2, '1023.0000', NULL, 'USD', 'USD', 'USD', 'USD', '102300.0000', '102300.0000', '102300.0000', '102300.0000', '0.0000', '0.0000', '0.0000', '0.0000', NULL, 1, 1, NULL, NULL, 1, '2020-03-18 17:21:46', '2020-03-18 17:51:35', ''),
(17, NULL, NULL, NULL, NULL, NULL, 0, 2, '163.0000', NULL, 'USD', 'USD', 'USD', 'USD', '16300.0000', '16300.0000', '16300.0000', '16300.0000', '0.0000', '0.0000', '0.0000', '0.0000', NULL, 1, 1, NULL, NULL, 1, '2020-03-19 10:38:48', '2020-03-19 14:14:34', ''),
(18, NULL, NULL, NULL, NULL, NULL, 0, 1, '12.0000', NULL, 'USD', 'USD', 'USD', 'USD', '1200.0000', '1200.0000', '1200.0000', '1200.0000', '0.0000', '0.0000', '0.0000', '0.0000', NULL, 1, 1, NULL, NULL, 1, '2020-03-20 11:56:38', '2020-03-20 15:13:12', ''),
(19, NULL, NULL, NULL, NULL, NULL, 0, 1, '1.0000', NULL, 'USD', 'USD', 'USD', 'USD', '100.0000', '100.0000', '100.0000', '100.0000', '0.0000', '0.0000', '0.0000', '0.0000', NULL, 1, 1, NULL, NULL, 1, '2020-03-23 10:51:00', '2020-03-23 11:05:54', ''),
(20, NULL, NULL, NULL, NULL, NULL, 0, 1, '1.0000', NULL, 'USD', 'USD', 'USD', 'USD', '100.0000', '100.0000', '100.0000', '100.0000', '0.0000', '0.0000', '0.0000', '0.0000', NULL, 1, 1, NULL, NULL, 1, '2020-03-23 14:56:52', '2020-03-23 17:51:06', ''),
(21, NULL, NULL, NULL, NULL, NULL, 0, 1, '1.0000', NULL, 'USD', 'USD', 'USD', 'USD', '100.0000', '100.0000', '100.0000', '100.0000', '0.0000', '0.0000', '0.0000', '0.0000', NULL, 1, 1, NULL, NULL, 1, '2020-03-24 11:45:15', '2020-03-24 16:04:16', ''),
(22, 'aaaa@aa.aa', 'aaaa', 'aaa', 'flatrate_flatrate', NULL, 0, 1, '2.0000', NULL, 'USD', 'USD', 'USD', 'USD', '210.0000', '210.0000', '200.0000', '200.0000', '0.0000', '0.0000', '0.0000', '0.0000', NULL, 1, 1, NULL, NULL, 1, '2020-03-25 11:54:19', '2020-03-25 15:14:46', ''),
(23, NULL, NULL, NULL, NULL, NULL, 0, 1, '7.0000', NULL, 'USD', 'USD', 'USD', 'USD', '700.0000', '700.0000', '700.0000', '700.0000', '0.0000', '0.0000', '0.0000', '0.0000', NULL, 1, 1, NULL, NULL, 1, '2020-04-18 22:12:46', '2020-04-18 22:32:57', '');

--
-- Dumping data for table `cart_address`
--

INSERT INTO `cart_address` (`id`, `first_name`, `last_name`, `email`, `address1`, `address2`, `country`, `state`, `city`, `postcode`, `phone`, `address_type`, `cart_id`, `customer_id`, `created_at`, `updated_at`) VALUES
(1, 'aaaa', 'aaa', 'aaaa@aa.aa', 'aaa', NULL, 'Armenia', 'Republic of Armenia', 'aaaa', 'aaa', 'aaaa', 'billing', 22, NULL, '2020-03-25 12:44:10', '2020-03-25 15:11:19'),
(2, 'aaaa', 'aaa', 'aaaa@aa.aa', 'aaa', NULL, 'Armenia', 'Republic of Armenia', 'aaaa', 'aaa', 'aaaa', 'shipping', 22, NULL, '2020-03-25 12:44:10', '2020-03-25 15:11:19');

--
-- Dumping data for table `cart_items`
--

INSERT INTO `cart_items` (`id`, `quantity`, `sku`, `type`, `name`, `coupon_code`, `weight`, `total_weight`, `base_total_weight`, `price`, `base_price`, `total`, `base_total`, `tax_percent`, `tax_amount`, `base_tax_amount`, `discount_percent`, `discount_amount`, `base_discount_amount`, `additional`, `parent_id`, `product_id`, `cart_id`, `tax_category_id`, `created_at`, `updated_at`, `custom_price`, `applied_cart_rule_ids`) VALUES
(1, 1, '111111', 'simple', 'Test', NULL, '111.0000', '111.0000', '111.0000', '100.0000', '100.0000', '100.0000', '100.0000', '0.0000', '0.0000', '0.0000', '0.0000', '0.0000', '0.0000', '{\"quant\": {\"1\": \"1\"}, \"_token\": \"IuRkvxhwAWeg0rnpc1d8y487kiLMhsfcC8wqdgcB\", \"quantity\": \"1\", \"is_buy_now\": \"\", \"product_id\": \"10\"}', NULL, 10, 12, NULL, '2020-03-17 14:56:19', '2020-03-17 14:56:19', NULL, ''),
(2, 22, '111111', 'simple', 'Test', NULL, '111.0000', '2442.0000', '2442.0000', '100.0000', '100.0000', '2200.0000', '2200.0000', '0.0000', '0.0000', '0.0000', '0.0000', '0.0000', '0.0000', '{\"_token\": \"IuRkvxhwAWeg0rnpc1d8y487kiLMhsfcC8wqdgcB\", \"quantity\": 22, \"is_buy_now\": \"\", \"product_id\": \"10\"}', NULL, 10, 13, NULL, '2020-03-17 14:56:37', '2020-03-17 15:33:00', NULL, ''),
(6, 27, '111111', 'simple', 'Test', NULL, '111.0000', '2997.0000', '2997.0000', '100.0000', '100.0000', '2700.0000', '2700.0000', '0.0000', '0.0000', '0.0000', '0.0000', '0.0000', '0.0000', '{\"quantity\": 67, \"product_id\": \"10\", \"is_configurable\": \"false\"}', NULL, 10, 16, NULL, '2020-03-18 17:21:46', '2020-03-18 17:51:35', NULL, ''),
(7, 996, '222222', 'simple', 'test2', NULL, '100.0000', '99600.0000', '99600.0000', '100.0000', '100.0000', '99600.0000', '99600.0000', '0.0000', '0.0000', '0.0000', '0.0000', '0.0000', '0.0000', '{\"quantity\": 1000, \"product_id\": \"11\", \"is_configurable\": \"false\"}', NULL, 11, 16, NULL, '2020-03-18 17:21:54', '2020-03-18 17:51:35', NULL, ''),
(8, 80, '111111', 'simple', 'Test', NULL, '111.0000', '8880.0000', '8880.0000', '100.0000', '100.0000', '8000.0000', '8000.0000', '0.0000', '0.0000', '0.0000', '0.0000', '0.0000', '0.0000', '{\"quantity\": \"1\", \"product_id\": \"10\", \"is_configurable\": \"false\"}', NULL, 10, 17, NULL, '2020-03-19 10:38:48', '2020-03-20 11:56:30', NULL, ''),
(9, 89, '222222', 'simple', 'test2', NULL, '100.0000', '8900.0000', '8900.0000', '100.0000', '100.0000', '8900.0000', '8900.0000', '0.0000', '0.0000', '0.0000', '0.0000', '0.0000', '0.0000', '{\"quantity\": \"1\", \"product_id\": \"11\", \"is_configurable\": \"false\"}', NULL, 11, 17, NULL, '2020-03-19 10:38:50', '2020-03-20 11:56:30', NULL, ''),
(10, 12, '111111', 'simple', 'Test', NULL, '111.0000', '1332.0000', '1332.0000', '100.0000', '100.0000', '1200.0000', '1200.0000', '0.0000', '0.0000', '0.0000', '0.0000', '0.0000', '0.0000', '{\"quantity\": \"1\", \"product_id\": \"10\", \"is_configurable\": \"false\"}', NULL, 10, 18, NULL, '2020-03-20 11:56:38', '2020-03-20 15:13:12', NULL, ''),
(11, 1, '111111', 'simple', 'Test', NULL, '111.0000', '111.0000', '111.0000', '100.0000', '100.0000', '100.0000', '100.0000', '0.0000', '0.0000', '0.0000', '0.0000', '0.0000', '0.0000', '{\"quantity\": \"1\", \"product_id\": \"10\", \"is_configurable\": \"false\"}', NULL, 10, 19, NULL, '2020-03-23 10:51:00', '2020-03-23 11:05:54', NULL, ''),
(12, 1, '111111', 'simple', 'Test', NULL, '111.0000', '111.0000', '111.0000', '100.0000', '100.0000', '100.0000', '100.0000', '0.0000', '0.0000', '0.0000', '0.0000', '0.0000', '0.0000', '{\"quantity\": \"1\", \"product_id\": \"10\", \"is_configurable\": \"false\"}', NULL, 10, 20, NULL, '2020-03-23 14:56:52', '2020-03-23 17:51:05', NULL, ''),
(13, 1, '111111', 'simple', 'Test', NULL, '111.0000', '111.0000', '111.0000', '100.0000', '100.0000', '100.0000', '100.0000', '0.0000', '0.0000', '0.0000', '0.0000', '0.0000', '0.0000', '{\"quantity\": \"1\", \"product_id\": \"10\", \"is_configurable\": \"false\"}', NULL, 10, 21, NULL, '2020-03-24 11:45:15', '2020-03-24 16:04:16', NULL, ''),
(14, 2, '111111', 'simple', 'Test', NULL, '111.0000', '222.0000', '222.0000', '100.0000', '100.0000', '200.0000', '200.0000', '0.0000', '0.0000', '0.0000', '0.0000', '0.0000', '0.0000', '{\"quantity\": 2, \"product_id\": \"10\", \"is_configurable\": \"false\"}', NULL, 10, 22, NULL, '2020-03-25 11:54:19', '2020-03-25 15:14:45', NULL, ''),
(15, 7, '222222', 'simple', 'test2', NULL, '100.0000', '700.0000', '700.0000', '100.0000', '100.0000', '700.0000', '700.0000', '0.0000', '0.0000', '0.0000', '0.0000', '0.0000', '0.0000', '{\"product_id\":\"11\",\"quantity\":7,\"is_configurable\":\"false\"}', NULL, 11, 23, NULL, '2020-04-18 22:12:48', '2020-04-18 22:32:57', NULL, '');

--
-- Dumping data for table `cart_payment`
--

INSERT INTO `cart_payment` (`id`, `method`, `method_title`, `cart_id`, `created_at`, `updated_at`) VALUES
(15, 'cashondelivery', NULL, 22, '2020-03-25 15:14:03', '2020-03-25 15:14:03');

--
-- Dumping data for table `cart_rules`
--

INSERT INTO `cart_rules` (`id`, `name`, `description`, `starts_from`, `ends_till`, `status`, `coupon_type`, `use_auto_generation`, `usage_per_customer`, `uses_per_coupon`, `times_used`, `condition_type`, `conditions`, `end_other_rules`, `uses_attribute_conditions`, `action_type`, `discount_amount`, `discount_quantity`, `discount_step`, `apply_to_shipping`, `free_shipping`, `sort_order`, `created_at`, `updated_at`) VALUES
(1, 'Coupon', 'coupon', NULL, NULL, 1, 1, 1, 0, 0, 0, 1, NULL, 0, 0, 'by_percent', '10.0000', 0, '0', 0, 0, 0, '2020-03-20 16:38:48', '2020-03-20 16:38:48');

--
-- Dumping data for table `cart_rule_channels`
--

INSERT INTO `cart_rule_channels` (`cart_rule_id`, `channel_id`) VALUES
(1, 1);

--
-- Dumping data for table `cart_rule_coupons`
--

INSERT INTO `cart_rule_coupons` (`id`, `code`, `usage_limit`, `usage_per_customer`, `times_used`, `type`, `is_primary`, `expired_at`, `cart_rule_id`, `created_at`, `updated_at`) VALUES
(6, 'M5HZKQ9YELIE', 0, 0, 0, 0, 0, NULL, 1, '2020-03-20 16:44:25', '2020-03-20 16:44:25');

--
-- Dumping data for table `cart_rule_customer_groups`
--

INSERT INTO `cart_rule_customer_groups` (`cart_rule_id`, `customer_group_id`) VALUES
(1, 1),
(1, 2),
(1, 3);

--
-- Dumping data for table `cart_shipping_rates`
--

INSERT INTO `cart_shipping_rates` (`id`, `carrier`, `carrier_title`, `method`, `method_title`, `method_description`, `price`, `base_price`, `cart_address_id`, `created_at`, `updated_at`, `discount_amount`, `base_discount_amount`) VALUES
(88, 'flatrate', 'Flat Rate', 'flatrate_flatrate', 'Flat Rate', 'Flat Rate Shipping', 10, 10, 2, '2020-03-25 15:14:01', '2020-03-25 15:14:45', '0.0000', '0.0000'),
(89, 'free', 'Free Shipping', 'free_free', 'Free Shipping', 'Free Shipping', 0, 0, 2, '2020-03-25 15:14:01', '2020-03-25 15:14:01', '0.0000', '0.0000'),
(90, 'express', 'Express Shipping', 'flatrate_flatrate', 'Express Shipping', 'Express Shippingaaaa', 0, 0, 2, '2020-03-25 15:14:01', '2020-03-25 15:14:01', '0.0000', '0.0000');

--
-- Dumping data for table `catalog_rules`
--

INSERT INTO `catalog_rules` (`id`, `name`, `description`, `starts_from`, `ends_till`, `status`, `condition_type`, `conditions`, `end_other_rules`, `action_type`, `discount_amount`, `sort_order`, `created_at`, `updated_at`) VALUES
(1, 'Test', 'test', NULL, NULL, 0, 1, NULL, 0, 'by_percent', '10.0000', 0, '2020-03-20 16:46:01', '2020-03-20 16:46:01');

--
-- Dumping data for table `catalog_rule_channels`
--

INSERT INTO `catalog_rule_channels` (`catalog_rule_id`, `channel_id`) VALUES
(1, 1);

--
-- Dumping data for table `catalog_rule_customer_groups`
--

INSERT INTO `catalog_rule_customer_groups` (`catalog_rule_id`, `customer_group_id`) VALUES
(1, 1),
(1, 2),
(1, 3);

--
-- Dumping data for table `categories`
--

INSERT INTO `categories` (`id`, `position`, `image`, `status`, `_lft`, `_rgt`, `parent_id`, `created_at`, `updated_at`, `display_mode`, `category_icon_path`) VALUES
(1, 1, NULL, 1, 1, 16, NULL, '2020-02-28 16:27:29', '2020-02-28 16:27:29', 'products_and_description', NULL),
(2, 1, NULL, 1, 14, 15, 1, '2020-03-16 10:06:35', '2020-03-16 10:06:35', 'products_and_description', NULL);

--
-- Dumping data for table `category_filterable_attributes`
--

INSERT INTO `category_filterable_attributes` (`category_id`, `attribute_id`) VALUES
(2, 11);

--
-- Dumping data for table `category_translations`
--

INSERT INTO `category_translations` (`id`, `name`, `slug`, `description`, `meta_title`, `meta_description`, `meta_keywords`, `category_id`, `locale`, `locale_id`, `url_path`) VALUES
(1, 'Root', 'root', 'Root', '', '', '', 1, 'en', NULL, ''),
(2, 'Category', 'category', '<p>aaa</p>', '', '', '', 2, 'en', 1, 'category'),
(3, 'Category', 'category', '<p>aaa</p>', '', '', '', 2, 'ru', 2, 'category');

--
-- Dumping data for table `channels`
--

INSERT INTO `channels` (`id`, `code`, `name`, `description`, `timezone`, `theme`, `hostname`, `logo`, `favicon`, `home_page_content`, `footer_content`, `default_locale_id`, `base_currency_id`, `created_at`, `updated_at`, `root_category_id`, `home_seo`) VALUES
(1, 'default', 'Default', '<a href=\"https://facebook.com\" target=\"_blank\" class=\"fab fa-facebook-f\"></a>\r\n<a href=\"https://youtube.com\" target=\"_blank\" class=\"fab fa-youtube\"></a>\r\n<a href=\"https://instagram.com\" target=\"_blank\" class=\"fab fa-instagram\"></a>', NULL, 'bliss', '', 'channel/1/jaMkZGXA1Y242rPmtjcN6Tl324OVWRymd5VELXgE.png', 'channel/1/IdSxc8gN4tUQfK2fOjkUJAZkPbPR20fEaCrkFgkI.png', '<p>@include(\"shop::home.slider\") @include(\"shop::home.featured-products\") @include(\"shop::home.new-products\")</p>\r\n<div class=\"banner-container\">\r\n<div class=\"left-banner\"><img src=\"https://s3-ap-southeast-1.amazonaws.com/cdn.uvdesk.com/website/1/201902045c581f9494b8a1.png\" /></div>\r\n<div class=\"right-banner\"><img src=\"https://s3-ap-southeast-1.amazonaws.com/cdn.uvdesk.com/website/1/201902045c581fb045cf02.png\" /> <img src=\"https://s3-ap-southeast-1.amazonaws.com/cdn.uvdesk.com/website/1/201902045c581fc352d803.png\" /></div>\r\n</div>', '', 1, 1, NULL, '2020-04-18 19:55:03', 1, '{\"meta_title\":\"Demo store\",\"meta_description\":\"Demo store meta description\",\"meta_keywords\":\"Demo store meta keyword\"}');

--
-- Dumping data for table `channel_currencies`
--

INSERT INTO `channel_currencies` (`channel_id`, `currency_id`) VALUES
(1, 1);

--
-- Dumping data for table `channel_inventory_sources`
--

INSERT INTO `channel_inventory_sources` (`channel_id`, `inventory_source_id`) VALUES
(1, 1);

--
-- Dumping data for table `channel_locales`
--

INSERT INTO `channel_locales` (`channel_id`, `locale_id`) VALUES
(1, 1),
(1, 2);

--
-- Dumping data for table `cms_pages`
--

INSERT INTO `cms_pages` (`id`, `layout`, `created_at`, `updated_at`) VALUES
(1, NULL, '2020-02-28 16:27:29', '2020-02-28 16:27:29'),
(2, NULL, '2020-02-28 16:27:29', '2020-02-28 16:27:29'),
(3, NULL, '2020-02-28 16:27:29', '2020-02-28 16:27:29'),
(4, NULL, '2020-02-28 16:27:29', '2020-02-28 16:27:29'),
(5, NULL, '2020-02-28 16:27:29', '2020-02-28 16:27:29'),
(6, NULL, '2020-02-28 16:27:29', '2020-02-28 16:27:29'),
(8, NULL, '2020-04-18 11:48:34', '2020-04-18 11:48:34');

--
-- Dumping data for table `cms_page_channels`
--

INSERT INTO `cms_page_channels` (`cms_page_id`, `channel_id`) VALUES
(6, 1),
(8, 1);

--
-- Dumping data for table `cms_page_translations`
--

INSERT INTO `cms_page_translations` (`id`, `page_title`, `url_key`, `html_content`, `meta_title`, `meta_description`, `meta_keywords`, `locale`, `cms_page_id`) VALUES
(7, 'About Us', 'about-us', '<div class=\"static-container\">\n                                   <div class=\"mb-5\">About us page content</div>\n                                   </div>', 'about us', '', 'aboutus', 'en', 1),
(8, 'Return Policy', 'return-policy', '<div class=\"static-container\">\n                                   <div class=\"mb-5\">Return policy page content</div>\n                                   </div>', 'return policy', '', 'return, policy', 'en', 2),
(9, 'Refund Policy', 'refund-policy', '<div class=\"static-container\">\n                                   <div class=\"mb-5\">Refund policy page content</div>\n                                   </div>', 'Refund policy', '', 'refund, policy', 'en', 3),
(10, 'Terms & Conditions', 'terms-conditions', '<div class=\"static-container\">\n                                   <div class=\"mb-5\">Terms & conditions page content</div>\n                                   </div>', 'Terms & Conditions', '', 'term, conditions', 'en', 4),
(11, 'Terms of use', 'terms-of-use', '<div class=\"static-container\">\n                                   <div class=\"mb-5\">Terms of use page content</div>\n                                   </div>', 'Terms of use', '', 'term, use', 'en', 5),
(12, 'Contact Us', 'contact-us', '<div class=\"row\">\r\n<div class=\"col-md-6\">\r\n<h1>КОНТАКТ</h1>\r\n<p><span>ООО &ldquo;Эйч-Джи Джорджиа&rdquo;</span></p>\r\n<p>Адрес: Грузия, Тбилиси, 0182ул. А.Твалчрелидзе 2.</p>\r\n<p><span>Тел: 032 271 20 00</span></p>\r\n<p>Рабочие часы:</p>\r\n<p>Пн-Пт 10:00-18:00</p>\r\n<p>Суббота 10:00-14:00</p>\r\n</div>\r\n<div class=\"col-md-6\">\r\n<div id=\"map\"></div>\r\n</div>\r\n</div>', 'Contact Us', '', 'contact, us', 'en', 6),
(14, 'Payment delivery', 'payment-delivery', '<div class=\"payment_delivery\">\r\n<h1>Оплата &amp; Доставка</h1>\r\n<h2>Экспресс доставка</h2>\r\n<p>Экспресс доставка производится в течении 3-4 часов по Тбилиси. Стоимость экспресс доставки составляет 20 лари. При заказе более 200 лари, доставка бесплатная</p>\r\n<h2>Курьерская доставка</h2>\r\n<p>Курьерская доставка производится в течении 2-3 рабочих дней. Стоимость курьерской доставки 5 лари по Тбилиси. Стоимость курьерской доставки за пределами Тбилиси обговаривается по телефону с оператором до оформления заказа. При заказе более 200 лари, доставка бесплатная</p>\r\n<h2>Самовывоз</h2>\r\n<p>Самовывоз производится со склада фирмы, по адресу: г. Тбилиси, А.Твалчрелидзе 2 (местоположение офиса и график работы смотрите в графе &ldquo;контакты&rdquo;). При самовывозе и оплате наличными в кассе предоставляется скидка 5% от общей суммы заказа.</p>\r\n<h3>Условия продажи</h3>\r\n<p>ОБЗОР</p>\r\n<p>Этот веб-сайт принадлежит и управляется HG Elite Georgia. По всему сайту термины &laquo;мы&raquo;, &laquo;нас&raquo; и &laquo;наш&raquo; относятся к HG Elite Georgia предлагает этот веб-сайт, включая всю информацию, инструменты и услуги, доступные на этом сайте для вас, пользователя, при условии вашего согласия со всеми условиями, политиками и уведомлениями, изложенными здесь.</p>\r\n<p>Посещая наш сайт и / или покупая что-то у нас, вы участвуете в нашей &laquo;Службе&raquo; и соглашаетесь соблюдать следующие условия (&laquo;Условия предоставления услуг&raquo;, &laquo;Условия&raquo;), включая эти дополнительные условия и правила упомянутые здесь и / или доступные по гиперссылке. Настоящие Условия обслуживания распространяются на всех пользователей сайта, включая, помимо прочего, пользователей, которые являются браузерами, поставщиками, клиентами, продавцами и / или авторами контента.</p>\r\n<p>Пожалуйста, внимательно прочитайте эти Условия предоставления услуг, прежде чем осуществить заказ, вы соглашаетесь соблюдать настоящие Условия обслуживания. Если вы не согласны со всеми условиями этого соглашения, вы не имеете доступа к веб-сайту и не можете использовать какие-либо услуги. Если настоящие Условия обслуживания считаются предложением, их принятие прямо ограничивается настоящими Условиями обслуживания.</p>\r\n<p>Любые новые функции или инструменты, добавленные в текущий магазин, также подпадают под действие Условий обслуживания. Вы можете просмотреть самую последнюю версию Условий предоставления услуг в любое время на этой странице. Мы оставляем за собой право обновлять, изменять или заменять любую часть настоящих Условий предоставления услуг, публикуя обновления и / или изменения на нашем веб-сайте. Вы обязаны периодически проверять эту страницу на наличие изменений. Ваше дальнейшее использование или доступ к веб-сайту после публикации любых изменений означает принятие этих изменений.</p>\r\n</div>', '', '', '', 'en', 8),
(15, 'Payment delivery', 'payment-delivery', '<div class=\"payment_delivery\">\r\n<h1>Оплата &amp; Доставка</h1>\r\n<h2>Экспресс доставка</h2>\r\n<p>Экспресс доставка производится в течении 3-4 часов по Тбилиси. Стоимость экспресс доставки составляет 20 лари. При заказе более 200 лари, доставка бесплатная</p>\r\n<h2>Курьерская доставка</h2>\r\n<p>Курьерская доставка производится в течении 2-3 рабочих дней. Стоимость курьерской доставки 5 лари по Тбилиси. Стоимость курьерской доставки за пределами Тбилиси обговаривается по телефону с оператором до оформления заказа. При заказе более 200 лари, доставка бесплатная</p>\r\n<h2>Самовывоз</h2>\r\n<p>Самовывоз производится со склада фирмы, по адресу: г. Тбилиси, А.Твалчрелидзе 2 (местоположение офиса и график работы смотрите в графе &ldquo;контакты&rdquo;). При самовывозе и оплате наличными в кассе предоставляется скидка 5% от общей суммы заказа.</p>\r\n<h3>Условия продажи</h3>\r\n<p>ОБЗОР</p>\r\n<p>Этот веб-сайт принадлежит и управляется HG Elite Georgia. По всему сайту термины &laquo;мы&raquo;, &laquo;нас&raquo; и &laquo;наш&raquo; относятся к HG Elite Georgia предлагает этот веб-сайт, включая всю информацию, инструменты и услуги, доступные на этом сайте для вас, пользователя, при условии вашего согласия со всеми условиями, политиками и уведомлениями, изложенными здесь.</p>\r\n<p>Посещая наш сайт и / или покупая что-то у нас, вы участвуете в нашей &laquo;Службе&raquo; и соглашаетесь соблюдать следующие условия (&laquo;Условия предоставления услуг&raquo;, &laquo;Условия&raquo;), включая эти дополнительные условия и правила упомянутые здесь и / или доступные по гиперссылке. Настоящие Условия обслуживания распространяются на всех пользователей сайта, включая, помимо прочего, пользователей, которые являются браузерами, поставщиками, клиентами, продавцами и / или авторами контента.</p>\r\n<p>Пожалуйста, внимательно прочитайте эти Условия предоставления услуг, прежде чем осуществить заказ, вы соглашаетесь соблюдать настоящие Условия обслуживания. Если вы не согласны со всеми условиями этого соглашения, вы не имеете доступа к веб-сайту и не можете использовать какие-либо услуги. Если настоящие Условия обслуживания считаются предложением, их принятие прямо ограничивается настоящими Условиями обслуживания.</p>\r\n<p>Любые новые функции или инструменты, добавленные в текущий магазин, также подпадают под действие Условий обслуживания. Вы можете просмотреть самую последнюю версию Условий предоставления услуг в любое время на этой странице. Мы оставляем за собой право обновлять, изменять или заменять любую часть настоящих Условий предоставления услуг, публикуя обновления и / или изменения на нашем веб-сайте. Вы обязаны периодически проверять эту страницу на наличие изменений. Ваше дальнейшее использование или доступ к веб-сайту после публикации любых изменений означает принятие этих изменений.</p>\r\n</div>', '', '', '', 'ru', 8);

--
-- Dumping data for table `core_config`
--

INSERT INTO `core_config` (`id`, `code`, `value`, `channel_code`, `locale_code`, `created_at`, `updated_at`) VALUES
(1, 'catalog.products.guest-checkout.allow-guest-checkout', '1', NULL, NULL, '2020-02-28 16:27:29', '2020-02-28 16:27:29'),
(2, 'emails.general.notifications.emails.general.notifications.verification', '1', NULL, NULL, '2020-02-28 16:27:29', '2020-02-28 16:27:29'),
(3, 'emails.general.notifications.emails.general.notifications.registration', '1', NULL, NULL, '2020-02-28 16:27:29', '2020-02-28 16:27:29'),
(4, 'emails.general.notifications.emails.general.notifications.customer', '1', NULL, NULL, '2020-02-28 16:27:29', '2020-02-28 16:27:29'),
(5, 'emails.general.notifications.emails.general.notifications.new-order', '1', NULL, NULL, '2020-02-28 16:27:29', '2020-02-28 16:27:29'),
(6, 'emails.general.notifications.emails.general.notifications.new-admin', '1', NULL, NULL, '2020-02-28 16:27:29', '2020-02-28 16:27:29'),
(7, 'emails.general.notifications.emails.general.notifications.new-invoice', '1', NULL, NULL, '2020-02-28 16:27:29', '2020-02-28 16:27:29'),
(8, 'emails.general.notifications.emails.general.notifications.new-refund', '1', NULL, NULL, '2020-02-28 16:27:29', '2020-02-28 16:27:29'),
(9, 'emails.general.notifications.emails.general.notifications.new-shipment', '1', NULL, NULL, '2020-02-28 16:27:29', '2020-02-28 16:27:29'),
(10, 'emails.general.notifications.emails.general.notifications.new-inventory-source', '1', NULL, NULL, '2020-02-28 16:27:29', '2020-02-28 16:27:29'),
(11, 'emails.general.notifications.emails.general.notifications.cancel-order', '1', NULL, NULL, '2020-02-28 16:27:29', '2020-02-28 16:27:29'),
(12, 'sales.carriers.free.title', 'Free Shipping', NULL, 'en', '2020-03-20 16:08:09', '2020-03-20 16:08:09'),
(13, 'sales.carriers.free.description', 'Free Shipping', NULL, 'en', '2020-03-20 16:08:09', '2020-03-20 16:08:09'),
(14, 'sales.carriers.free.active', '1', NULL, 'en', '2020-03-20 16:08:09', '2020-03-20 16:08:09'),
(15, 'sales.carriers.flatrate.title', 'Flat Rate', 'default', 'en', '2020-03-20 16:08:09', '2020-03-20 16:08:09'),
(16, 'sales.carriers.flatrate.description', 'Flat Rate Shipping', 'default', NULL, '2020-03-20 16:08:09', '2020-03-20 16:08:09'),
(17, 'sales.carriers.flatrate.default_rate', '10', 'default', NULL, '2020-03-20 16:08:09', '2020-03-20 16:08:09'),
(18, 'sales.carriers.flatrate.type', 'per_order', NULL, NULL, '2020-03-20 16:08:09', '2020-03-20 16:08:09'),
(19, 'sales.carriers.flatrate.active', '1', NULL, 'en', '2020-03-20 16:08:09', '2020-03-20 16:08:09'),
(20, 'sales.carriers.express.title', 'Express Shipping', NULL, 'en', '2020-03-23 15:06:06', '2020-03-23 15:06:06'),
(21, 'sales.carriers.express.description', 'Express Shippingaaaa', NULL, 'en', '2020-03-23 15:06:06', '2020-03-23 16:26:27'),
(22, 'sales.carriers.express.active', '1', NULL, 'en', '2020-03-23 15:06:06', '2020-03-23 15:06:06');

--
-- Dumping data for table `countries`
--

INSERT INTO `countries` (`id`, `code`, `name`) VALUES
(1, 'AF', 'Afghanistan'),
(2, 'AX', 'Åland Islands'),
(3, 'AL', 'Albania'),
(4, 'DZ', 'Algeria'),
(5, 'AS', 'American Samoa'),
(6, 'AD', 'Andorra'),
(7, 'AO', 'Angola'),
(8, 'AI', 'Anguilla'),
(9, 'AQ', 'Antarctica'),
(10, 'AG', 'Antigua & Barbuda'),
(11, 'AR', 'Argentina'),
(12, 'AM', 'Armenia'),
(13, 'AW', 'Aruba'),
(14, 'AC', 'Ascension Island'),
(15, 'AU', 'Australia'),
(16, 'AT', 'Austria'),
(17, 'AZ', 'Azerbaijan'),
(18, 'BS', 'Bahamas'),
(19, 'BH', 'Bahrain'),
(20, 'BD', 'Bangladesh'),
(21, 'BB', 'Barbados'),
(22, 'BY', 'Belarus'),
(23, 'BE', 'Belgium'),
(24, 'BZ', 'Belize'),
(25, 'BJ', 'Benin'),
(26, 'BM', 'Bermuda'),
(27, 'BT', 'Bhutan'),
(28, 'BO', 'Bolivia'),
(29, 'BA', 'Bosnia & Herzegovina'),
(30, 'BW', 'Botswana'),
(31, 'BR', 'Brazil'),
(32, 'IO', 'British Indian Ocean Territory'),
(33, 'VG', 'British Virgin Islands'),
(34, 'BN', 'Brunei'),
(35, 'BG', 'Bulgaria'),
(36, 'BF', 'Burkina Faso'),
(37, 'BI', 'Burundi'),
(38, 'KH', 'Cambodia'),
(39, 'CM', 'Cameroon'),
(40, 'CA', 'Canada'),
(41, 'IC', 'Canary Islands'),
(42, 'CV', 'Cape Verde'),
(43, 'BQ', 'Caribbean Netherlands'),
(44, 'KY', 'Cayman Islands'),
(45, 'CF', 'Central African Republic'),
(46, 'EA', 'Ceuta & Melilla'),
(47, 'TD', 'Chad'),
(48, 'CL', 'Chile'),
(49, 'CN', 'China'),
(50, 'CX', 'Christmas Island'),
(51, 'CC', 'Cocos (Keeling) Islands'),
(52, 'CO', 'Colombia'),
(53, 'KM', 'Comoros'),
(54, 'CG', 'Congo - Brazzaville'),
(55, 'CD', 'Congo - Kinshasa'),
(56, 'CK', 'Cook Islands'),
(57, 'CR', 'Costa Rica'),
(58, 'CI', 'Côte d’Ivoire'),
(59, 'HR', 'Croatia'),
(60, 'CU', 'Cuba'),
(61, 'CW', 'Curaçao'),
(62, 'CY', 'Cyprus'),
(63, 'CZ', 'Czechia'),
(64, 'DK', 'Denmark'),
(65, 'DG', 'Diego Garcia'),
(66, 'DJ', 'Djibouti'),
(67, 'DM', 'Dominica'),
(68, 'DO', 'Dominican Republic'),
(69, 'EC', 'Ecuador'),
(70, 'EG', 'Egypt'),
(71, 'SV', 'El Salvador'),
(72, 'GQ', 'Equatorial Guinea'),
(73, 'ER', 'Eritrea'),
(74, 'EE', 'Estonia'),
(75, 'ET', 'Ethiopia'),
(76, 'EZ', 'Eurozone'),
(77, 'FK', 'Falkland Islands'),
(78, 'FO', 'Faroe Islands'),
(79, 'FJ', 'Fiji'),
(80, 'FI', 'Finland'),
(81, 'FR', 'France'),
(82, 'GF', 'French Guiana'),
(83, 'PF', 'French Polynesia'),
(84, 'TF', 'French Southern Territories'),
(85, 'GA', 'Gabon'),
(86, 'GM', 'Gambia'),
(87, 'GE', 'Georgia'),
(88, 'DE', 'Germany'),
(89, 'GH', 'Ghana'),
(90, 'GI', 'Gibraltar'),
(91, 'GR', 'Greece'),
(92, 'GL', 'Greenland'),
(93, 'GD', 'Grenada'),
(94, 'GP', 'Guadeloupe'),
(95, 'GU', 'Guam'),
(96, 'GT', 'Guatemala'),
(97, 'GG', 'Guernsey'),
(98, 'GN', 'Guinea'),
(99, 'GW', 'Guinea-Bissau'),
(100, 'GY', 'Guyana'),
(101, 'HT', 'Haiti'),
(102, 'HN', 'Honduras'),
(103, 'HK', 'Hong Kong SAR China'),
(104, 'HU', 'Hungary'),
(105, 'IS', 'Iceland'),
(106, 'IN', 'India'),
(107, 'ID', 'Indonesia'),
(108, 'IR', 'Iran'),
(109, 'IQ', 'Iraq'),
(110, 'IE', 'Ireland'),
(111, 'IM', 'Isle of Man'),
(112, 'IL', 'Israel'),
(113, 'IT', 'Italy'),
(114, 'JM', 'Jamaica'),
(115, 'JP', 'Japan'),
(116, 'JE', 'Jersey'),
(117, 'JO', 'Jordan'),
(118, 'KZ', 'Kazakhstan'),
(119, 'KE', 'Kenya'),
(120, 'KI', 'Kiribati'),
(121, 'XK', 'Kosovo'),
(122, 'KW', 'Kuwait'),
(123, 'KG', 'Kyrgyzstan'),
(124, 'LA', 'Laos'),
(125, 'LV', 'Latvia'),
(126, 'LB', 'Lebanon'),
(127, 'LS', 'Lesotho'),
(128, 'LR', 'Liberia'),
(129, 'LY', 'Libya'),
(130, 'LI', 'Liechtenstein'),
(131, 'LT', 'Lithuania'),
(132, 'LU', 'Luxembourg'),
(133, 'MO', 'Macau SAR China'),
(134, 'MK', 'Macedonia'),
(135, 'MG', 'Madagascar'),
(136, 'MW', 'Malawi'),
(137, 'MY', 'Malaysia'),
(138, 'MV', 'Maldives'),
(139, 'ML', 'Mali'),
(140, 'MT', 'Malta'),
(141, 'MH', 'Marshall Islands'),
(142, 'MQ', 'Martinique'),
(143, 'MR', 'Mauritania'),
(144, 'MU', 'Mauritius'),
(145, 'YT', 'Mayotte'),
(146, 'MX', 'Mexico'),
(147, 'FM', 'Micronesia'),
(148, 'MD', 'Moldova'),
(149, 'MC', 'Monaco'),
(150, 'MN', 'Mongolia'),
(151, 'ME', 'Montenegro'),
(152, 'MS', 'Montserrat'),
(153, 'MA', 'Morocco'),
(154, 'MZ', 'Mozambique'),
(155, 'MM', 'Myanmar (Burma)'),
(156, 'NA', 'Namibia'),
(157, 'NR', 'Nauru'),
(158, 'NP', 'Nepal'),
(159, 'NL', 'Netherlands'),
(160, 'NC', 'New Caledonia'),
(161, 'NZ', 'New Zealand'),
(162, 'NI', 'Nicaragua'),
(163, 'NE', 'Niger'),
(164, 'NG', 'Nigeria'),
(165, 'NU', 'Niue'),
(166, 'NF', 'Norfolk Island'),
(167, 'KP', 'North Korea'),
(168, 'MP', 'Northern Mariana Islands'),
(169, 'NO', 'Norway'),
(170, 'OM', 'Oman'),
(171, 'PK', 'Pakistan'),
(172, 'PW', 'Palau'),
(173, 'PS', 'Palestinian Territories'),
(174, 'PA', 'Panama'),
(175, 'PG', 'Papua New Guinea'),
(176, 'PY', 'Paraguay'),
(177, 'PE', 'Peru'),
(178, 'PH', 'Philippines'),
(179, 'PN', 'Pitcairn Islands'),
(180, 'PL', 'Poland'),
(181, 'PT', 'Portugal'),
(182, 'PR', 'Puerto Rico'),
(183, 'QA', 'Qatar'),
(184, 'RE', 'Réunion'),
(185, 'RO', 'Romania'),
(186, 'RU', 'Russia'),
(187, 'RW', 'Rwanda'),
(188, 'WS', 'Samoa'),
(189, 'SM', 'San Marino'),
(190, 'ST', 'São Tomé & Príncipe'),
(191, 'SA', 'Saudi Arabia'),
(192, 'SN', 'Senegal'),
(193, 'RS', 'Serbia'),
(194, 'SC', 'Seychelles'),
(195, 'SL', 'Sierra Leone'),
(196, 'SG', 'Singapore'),
(197, 'SX', 'Sint Maarten'),
(198, 'SK', 'Slovakia'),
(199, 'SI', 'Slovenia'),
(200, 'SB', 'Solomon Islands'),
(201, 'SO', 'Somalia'),
(202, 'ZA', 'South Africa'),
(203, 'GS', 'South Georgia & South Sandwich Islands'),
(204, 'KR', 'South Korea'),
(205, 'SS', 'South Sudan'),
(206, 'ES', 'Spain'),
(207, 'LK', 'Sri Lanka'),
(208, 'BL', 'St. Barthélemy'),
(209, 'SH', 'St. Helena'),
(210, 'KN', 'St. Kitts & Nevis'),
(211, 'LC', 'St. Lucia'),
(212, 'MF', 'St. Martin'),
(213, 'PM', 'St. Pierre & Miquelon'),
(214, 'VC', 'St. Vincent & Grenadines'),
(215, 'SD', 'Sudan'),
(216, 'SR', 'Suriname'),
(217, 'SJ', 'Svalbard & Jan Mayen'),
(218, 'SZ', 'Swaziland'),
(219, 'SE', 'Sweden'),
(220, 'CH', 'Switzerland'),
(221, 'SY', 'Syria'),
(222, 'TW', 'Taiwan'),
(223, 'TJ', 'Tajikistan'),
(224, 'TZ', 'Tanzania'),
(225, 'TH', 'Thailand'),
(226, 'TL', 'Timor-Leste'),
(227, 'TG', 'Togo'),
(228, 'TK', 'Tokelau'),
(229, 'TO', 'Tonga'),
(230, 'TT', 'Trinidad & Tobago'),
(231, 'TA', 'Tristan da Cunha'),
(232, 'TN', 'Tunisia'),
(233, 'TR', 'Turkey'),
(234, 'TM', 'Turkmenistan'),
(235, 'TC', 'Turks & Caicos Islands'),
(236, 'TV', 'Tuvalu'),
(237, 'UM', 'U.S. Outlying Islands'),
(238, 'VI', 'U.S. Virgin Islands'),
(239, 'UG', 'Uganda'),
(240, 'UA', 'Ukraine'),
(241, 'AE', 'United Arab Emirates'),
(242, 'GB', 'United Kingdom'),
(243, 'UN', 'United Nations'),
(244, 'US', 'United States'),
(245, 'UY', 'Uruguay'),
(246, 'UZ', 'Uzbekistan'),
(247, 'VU', 'Vanuatu'),
(248, 'VA', 'Vatican City'),
(249, 'VE', 'Venezuela'),
(250, 'VN', 'Vietnam'),
(251, 'WF', 'Wallis & Futuna'),
(252, 'EH', 'Western Sahara'),
(253, 'YE', 'Yemen'),
(254, 'ZM', 'Zambia'),
(255, 'ZW', 'Zimbabwe');

--
-- Dumping data for table `country_states`
--

INSERT INTO `country_states` (`id`, `country_code`, `code`, `default_name`, `country_id`) VALUES
(1, 'US', 'AL', 'Alabama', 244),
(2, 'US', 'AK', 'Alaska', 244),
(3, 'US', 'AS', 'American Samoa', 244),
(4, 'US', 'AZ', 'Arizona', 244),
(5, 'US', 'AR', 'Arkansas', 244),
(6, 'US', 'AE', 'Armed Forces Africa', 244),
(7, 'US', 'AA', 'Armed Forces Americas', 244),
(8, 'US', 'AE', 'Armed Forces Canada', 244),
(9, 'US', 'AE', 'Armed Forces Europe', 244),
(10, 'US', 'AE', 'Armed Forces Middle East', 244),
(11, 'US', 'AP', 'Armed Forces Pacific', 244),
(12, 'US', 'CA', 'California', 244),
(13, 'US', 'CO', 'Colorado', 244),
(14, 'US', 'CT', 'Connecticut', 244),
(15, 'US', 'DE', 'Delaware', 244),
(16, 'US', 'DC', 'District of Columbia', 244),
(17, 'US', 'FM', 'Federated States Of Micronesia', 244),
(18, 'US', 'FL', 'Florida', 244),
(19, 'US', 'GA', 'Georgia', 244),
(20, 'US', 'GU', 'Guam', 244),
(21, 'US', 'HI', 'Hawaii', 244),
(22, 'US', 'ID', 'Idaho', 244),
(23, 'US', 'IL', 'Illinois', 244),
(24, 'US', 'IN', 'Indiana', 244),
(25, 'US', 'IA', 'Iowa', 244),
(26, 'US', 'KS', 'Kansas', 244),
(27, 'US', 'KY', 'Kentucky', 244),
(28, 'US', 'LA', 'Louisiana', 244),
(29, 'US', 'ME', 'Maine', 244),
(30, 'US', 'MH', 'Marshall Islands', 244),
(31, 'US', 'MD', 'Maryland', 244),
(32, 'US', 'MA', 'Massachusetts', 244),
(33, 'US', 'MI', 'Michigan', 244),
(34, 'US', 'MN', 'Minnesota', 244),
(35, 'US', 'MS', 'Mississippi', 244),
(36, 'US', 'MO', 'Missouri', 244),
(37, 'US', 'MT', 'Montana', 244),
(38, 'US', 'NE', 'Nebraska', 244),
(39, 'US', 'NV', 'Nevada', 244),
(40, 'US', 'NH', 'New Hampshire', 244),
(41, 'US', 'NJ', 'New Jersey', 244),
(42, 'US', 'NM', 'New Mexico', 244),
(43, 'US', 'NY', 'New York', 244),
(44, 'US', 'NC', 'North Carolina', 244),
(45, 'US', 'ND', 'North Dakota', 244),
(46, 'US', 'MP', 'Northern Mariana Islands', 244),
(47, 'US', 'OH', 'Ohio', 244),
(48, 'US', 'OK', 'Oklahoma', 244),
(49, 'US', 'OR', 'Oregon', 244),
(50, 'US', 'PW', 'Palau', 244),
(51, 'US', 'PA', 'Pennsylvania', 244),
(52, 'US', 'PR', 'Puerto Rico', 244),
(53, 'US', 'RI', 'Rhode Island', 244),
(54, 'US', 'SC', 'South Carolina', 244),
(55, 'US', 'SD', 'South Dakota', 244),
(56, 'US', 'TN', 'Tennessee', 244),
(57, 'US', 'TX', 'Texas', 244),
(58, 'US', 'UT', 'Utah', 244),
(59, 'US', 'VT', 'Vermont', 244),
(60, 'US', 'VI', 'Virgin Islands', 244),
(61, 'US', 'VA', 'Virginia', 244),
(62, 'US', 'WA', 'Washington', 244),
(63, 'US', 'WV', 'West Virginia', 244),
(64, 'US', 'WI', 'Wisconsin', 244),
(65, 'US', 'WY', 'Wyoming', 244),
(66, 'CA', 'AB', 'Alberta', 40),
(67, 'CA', 'BC', 'British Columbia', 40),
(68, 'CA', 'MB', 'Manitoba', 40),
(69, 'CA', 'NL', 'Newfoundland and Labrador', 40),
(70, 'CA', 'NB', 'New Brunswick', 40),
(71, 'CA', 'NS', 'Nova Scotia', 40),
(72, 'CA', 'NT', 'Northwest Territories', 40),
(73, 'CA', 'NU', 'Nunavut', 40),
(74, 'CA', 'ON', 'Ontario', 40),
(75, 'CA', 'PE', 'Prince Edward Island', 40),
(76, 'CA', 'QC', 'Quebec', 40),
(77, 'CA', 'SK', 'Saskatchewan', 40),
(78, 'CA', 'YT', 'Yukon Territory', 40),
(79, 'DE', 'NDS', 'Niedersachsen', 88),
(80, 'DE', 'BAW', 'Baden-Württemberg', 88),
(81, 'DE', 'BAY', 'Bayern', 88),
(82, 'DE', 'BER', 'Berlin', 88),
(83, 'DE', 'BRG', 'Brandenburg', 88),
(84, 'DE', 'BRE', 'Bremen', 88),
(85, 'DE', 'HAM', 'Hamburg', 88),
(86, 'DE', 'HES', 'Hessen', 88),
(87, 'DE', 'MEC', 'Mecklenburg-Vorpommern', 88),
(88, 'DE', 'NRW', 'Nordrhein-Westfalen', 88),
(89, 'DE', 'RHE', 'Rheinland-Pfalz', 88),
(90, 'DE', 'SAR', 'Saarland', 88),
(91, 'DE', 'SAS', 'Sachsen', 88),
(92, 'DE', 'SAC', 'Sachsen-Anhalt', 88),
(93, 'DE', 'SCN', 'Schleswig-Holstein', 88),
(94, 'DE', 'THE', 'Thüringen', 88),
(95, 'AT', 'WI', 'Wien', 16),
(96, 'AT', 'NO', 'Niederösterreich', 16),
(97, 'AT', 'OO', 'Oberösterreich', 16),
(98, 'AT', 'SB', 'Salzburg', 16),
(99, 'AT', 'KN', 'Kärnten', 16),
(100, 'AT', 'ST', 'Steiermark', 16),
(101, 'AT', 'TI', 'Tirol', 16),
(102, 'AT', 'BL', 'Burgenland', 16),
(103, 'AT', 'VB', 'Vorarlberg', 16),
(104, 'CH', 'AG', 'Aargau', 220),
(105, 'CH', 'AI', 'Appenzell Innerrhoden', 220),
(106, 'CH', 'AR', 'Appenzell Ausserrhoden', 220),
(107, 'CH', 'BE', 'Bern', 220),
(108, 'CH', 'BL', 'Basel-Landschaft', 220),
(109, 'CH', 'BS', 'Basel-Stadt', 220),
(110, 'CH', 'FR', 'Freiburg', 220),
(111, 'CH', 'GE', 'Genf', 220),
(112, 'CH', 'GL', 'Glarus', 220),
(113, 'CH', 'GR', 'Graubünden', 220),
(114, 'CH', 'JU', 'Jura', 220),
(115, 'CH', 'LU', 'Luzern', 220),
(116, 'CH', 'NE', 'Neuenburg', 220),
(117, 'CH', 'NW', 'Nidwalden', 220),
(118, 'CH', 'OW', 'Obwalden', 220),
(119, 'CH', 'SG', 'St. Gallen', 220),
(120, 'CH', 'SH', 'Schaffhausen', 220),
(121, 'CH', 'SO', 'Solothurn', 220),
(122, 'CH', 'SZ', 'Schwyz', 220),
(123, 'CH', 'TG', 'Thurgau', 220),
(124, 'CH', 'TI', 'Tessin', 220),
(125, 'CH', 'UR', 'Uri', 220),
(126, 'CH', 'VD', 'Waadt', 220),
(127, 'CH', 'VS', 'Wallis', 220),
(128, 'CH', 'ZG', 'Zug', 220),
(129, 'CH', 'ZH', 'Zürich', 220),
(130, 'ES', 'A Coruсa', 'A Coruña', 206),
(131, 'ES', 'Alava', 'Alava', 206),
(132, 'ES', 'Albacete', 'Albacete', 206),
(133, 'ES', 'Alicante', 'Alicante', 206),
(134, 'ES', 'Almeria', 'Almeria', 206),
(135, 'ES', 'Asturias', 'Asturias', 206),
(136, 'ES', 'Avila', 'Avila', 206),
(137, 'ES', 'Badajoz', 'Badajoz', 206),
(138, 'ES', 'Baleares', 'Baleares', 206),
(139, 'ES', 'Barcelona', 'Barcelona', 206),
(140, 'ES', 'Burgos', 'Burgos', 206),
(141, 'ES', 'Caceres', 'Caceres', 206),
(142, 'ES', 'Cadiz', 'Cadiz', 206),
(143, 'ES', 'Cantabria', 'Cantabria', 206),
(144, 'ES', 'Castellon', 'Castellon', 206),
(145, 'ES', 'Ceuta', 'Ceuta', 206),
(146, 'ES', 'Ciudad Real', 'Ciudad Real', 206),
(147, 'ES', 'Cordoba', 'Cordoba', 206),
(148, 'ES', 'Cuenca', 'Cuenca', 206),
(149, 'ES', 'Girona', 'Girona', 206),
(150, 'ES', 'Granada', 'Granada', 206),
(151, 'ES', 'Guadalajara', 'Guadalajara', 206),
(152, 'ES', 'Guipuzcoa', 'Guipuzcoa', 206),
(153, 'ES', 'Huelva', 'Huelva', 206),
(154, 'ES', 'Huesca', 'Huesca', 206),
(155, 'ES', 'Jaen', 'Jaen', 206),
(156, 'ES', 'La Rioja', 'La Rioja', 206),
(157, 'ES', 'Las Palmas', 'Las Palmas', 206),
(158, 'ES', 'Leon', 'Leon', 206),
(159, 'ES', 'Lleida', 'Lleida', 206),
(160, 'ES', 'Lugo', 'Lugo', 206),
(161, 'ES', 'Madrid', 'Madrid', 206),
(162, 'ES', 'Malaga', 'Malaga', 206),
(163, 'ES', 'Melilla', 'Melilla', 206),
(164, 'ES', 'Murcia', 'Murcia', 206),
(165, 'ES', 'Navarra', 'Navarra', 206),
(166, 'ES', 'Ourense', 'Ourense', 206),
(167, 'ES', 'Palencia', 'Palencia', 206),
(168, 'ES', 'Pontevedra', 'Pontevedra', 206),
(169, 'ES', 'Salamanca', 'Salamanca', 206),
(170, 'ES', 'Santa Cruz de Tenerife', 'Santa Cruz de Tenerife', 206),
(171, 'ES', 'Segovia', 'Segovia', 206),
(172, 'ES', 'Sevilla', 'Sevilla', 206),
(173, 'ES', 'Soria', 'Soria', 206),
(174, 'ES', 'Tarragona', 'Tarragona', 206),
(175, 'ES', 'Teruel', 'Teruel', 206),
(176, 'ES', 'Toledo', 'Toledo', 206),
(177, 'ES', 'Valencia', 'Valencia', 206),
(178, 'ES', 'Valladolid', 'Valladolid', 206),
(179, 'ES', 'Vizcaya', 'Vizcaya', 206),
(180, 'ES', 'Zamora', 'Zamora', 206),
(181, 'ES', 'Zaragoza', 'Zaragoza', 206),
(182, 'FR', '1', 'Ain', 81),
(183, 'FR', '2', 'Aisne', 81),
(184, 'FR', '3', 'Allier', 81),
(185, 'FR', '4', 'Alpes-de-Haute-Provence', 81),
(186, 'FR', '5', 'Hautes-Alpes', 81),
(187, 'FR', '6', 'Alpes-Maritimes', 81),
(188, 'FR', '7', 'Ardèche', 81),
(189, 'FR', '8', 'Ardennes', 81),
(190, 'FR', '9', 'Ariège', 81),
(191, 'FR', '10', 'Aube', 81),
(192, 'FR', '11', 'Aude', 81),
(193, 'FR', '12', 'Aveyron', 81),
(194, 'FR', '13', 'Bouches-du-Rhône', 81),
(195, 'FR', '14', 'Calvados', 81),
(196, 'FR', '15', 'Cantal', 81),
(197, 'FR', '16', 'Charente', 81),
(198, 'FR', '17', 'Charente-Maritime', 81),
(199, 'FR', '18', 'Cher', 81),
(200, 'FR', '19', 'Corrèze', 81),
(201, 'FR', '2A', 'Corse-du-Sud', 81),
(202, 'FR', '2B', 'Haute-Corse', 81),
(203, 'FR', '21', 'Côte-d\'Or', 81),
(204, 'FR', '22', 'Côtes-d\'Armor', 81),
(205, 'FR', '23', 'Creuse', 81),
(206, 'FR', '24', 'Dordogne', 81),
(207, 'FR', '25', 'Doubs', 81),
(208, 'FR', '26', 'Drôme', 81),
(209, 'FR', '27', 'Eure', 81),
(210, 'FR', '28', 'Eure-et-Loir', 81),
(211, 'FR', '29', 'Finistère', 81),
(212, 'FR', '30', 'Gard', 81),
(213, 'FR', '31', 'Haute-Garonne', 81),
(214, 'FR', '32', 'Gers', 81),
(215, 'FR', '33', 'Gironde', 81),
(216, 'FR', '34', 'Hérault', 81),
(217, 'FR', '35', 'Ille-et-Vilaine', 81),
(218, 'FR', '36', 'Indre', 81),
(219, 'FR', '37', 'Indre-et-Loire', 81),
(220, 'FR', '38', 'Isère', 81),
(221, 'FR', '39', 'Jura', 81),
(222, 'FR', '40', 'Landes', 81),
(223, 'FR', '41', 'Loir-et-Cher', 81),
(224, 'FR', '42', 'Loire', 81),
(225, 'FR', '43', 'Haute-Loire', 81),
(226, 'FR', '44', 'Loire-Atlantique', 81),
(227, 'FR', '45', 'Loiret', 81),
(228, 'FR', '46', 'Lot', 81),
(229, 'FR', '47', 'Lot-et-Garonne', 81),
(230, 'FR', '48', 'Lozère', 81),
(231, 'FR', '49', 'Maine-et-Loire', 81),
(232, 'FR', '50', 'Manche', 81),
(233, 'FR', '51', 'Marne', 81),
(234, 'FR', '52', 'Haute-Marne', 81),
(235, 'FR', '53', 'Mayenne', 81),
(236, 'FR', '54', 'Meurthe-et-Moselle', 81),
(237, 'FR', '55', 'Meuse', 81),
(238, 'FR', '56', 'Morbihan', 81),
(239, 'FR', '57', 'Moselle', 81),
(240, 'FR', '58', 'Nièvre', 81),
(241, 'FR', '59', 'Nord', 81),
(242, 'FR', '60', 'Oise', 81),
(243, 'FR', '61', 'Orne', 81),
(244, 'FR', '62', 'Pas-de-Calais', 81),
(245, 'FR', '63', 'Puy-de-Dôme', 81),
(246, 'FR', '64', 'Pyrénées-Atlantiques', 81),
(247, 'FR', '65', 'Hautes-Pyrénées', 81),
(248, 'FR', '66', 'Pyrénées-Orientales', 81),
(249, 'FR', '67', 'Bas-Rhin', 81),
(250, 'FR', '68', 'Haut-Rhin', 81),
(251, 'FR', '69', 'Rhône', 81),
(252, 'FR', '70', 'Haute-Saône', 81),
(253, 'FR', '71', 'Saône-et-Loire', 81),
(254, 'FR', '72', 'Sarthe', 81),
(255, 'FR', '73', 'Savoie', 81),
(256, 'FR', '74', 'Haute-Savoie', 81),
(257, 'FR', '75', 'Paris', 81),
(258, 'FR', '76', 'Seine-Maritime', 81),
(259, 'FR', '77', 'Seine-et-Marne', 81),
(260, 'FR', '78', 'Yvelines', 81),
(261, 'FR', '79', 'Deux-Sèvres', 81),
(262, 'FR', '80', 'Somme', 81),
(263, 'FR', '81', 'Tarn', 81),
(264, 'FR', '82', 'Tarn-et-Garonne', 81),
(265, 'FR', '83', 'Var', 81),
(266, 'FR', '84', 'Vaucluse', 81),
(267, 'FR', '85', 'Vendée', 81),
(268, 'FR', '86', 'Vienne', 81),
(269, 'FR', '87', 'Haute-Vienne', 81),
(270, 'FR', '88', 'Vosges', 81),
(271, 'FR', '89', 'Yonne', 81),
(272, 'FR', '90', 'Territoire-de-Belfort', 81),
(273, 'FR', '91', 'Essonne', 81),
(274, 'FR', '92', 'Hauts-de-Seine', 81),
(275, 'FR', '93', 'Seine-Saint-Denis', 81),
(276, 'FR', '94', 'Val-de-Marne', 81),
(277, 'FR', '95', 'Val-d\'Oise', 81),
(278, 'RO', 'AB', 'Alba', 185),
(279, 'RO', 'AR', 'Arad', 185),
(280, 'RO', 'AG', 'Argeş', 185),
(281, 'RO', 'BC', 'Bacău', 185),
(282, 'RO', 'BH', 'Bihor', 185),
(283, 'RO', 'BN', 'Bistriţa-Năsăud', 185),
(284, 'RO', 'BT', 'Botoşani', 185),
(285, 'RO', 'BV', 'Braşov', 185),
(286, 'RO', 'BR', 'Brăila', 185),
(287, 'RO', 'B', 'Bucureşti', 185),
(288, 'RO', 'BZ', 'Buzău', 185),
(289, 'RO', 'CS', 'Caraş-Severin', 185),
(290, 'RO', 'CL', 'Călăraşi', 185),
(291, 'RO', 'CJ', 'Cluj', 185),
(292, 'RO', 'CT', 'Constanţa', 185),
(293, 'RO', 'CV', 'Covasna', 185),
(294, 'RO', 'DB', 'Dâmboviţa', 185),
(295, 'RO', 'DJ', 'Dolj', 185),
(296, 'RO', 'GL', 'Galaţi', 185),
(297, 'RO', 'GR', 'Giurgiu', 185),
(298, 'RO', 'GJ', 'Gorj', 185),
(299, 'RO', 'HR', 'Harghita', 185),
(300, 'RO', 'HD', 'Hunedoara', 185),
(301, 'RO', 'IL', 'Ialomiţa', 185),
(302, 'RO', 'IS', 'Iaşi', 185),
(303, 'RO', 'IF', 'Ilfov', 185),
(304, 'RO', 'MM', 'Maramureş', 185),
(305, 'RO', 'MH', 'Mehedinţi', 185),
(306, 'RO', 'MS', 'Mureş', 185),
(307, 'RO', 'NT', 'Neamţ', 185),
(308, 'RO', 'OT', 'Olt', 185),
(309, 'RO', 'PH', 'Prahova', 185),
(310, 'RO', 'SM', 'Satu-Mare', 185),
(311, 'RO', 'SJ', 'Sălaj', 185),
(312, 'RO', 'SB', 'Sibiu', 185),
(313, 'RO', 'SV', 'Suceava', 185),
(314, 'RO', 'TR', 'Teleorman', 185),
(315, 'RO', 'TM', 'Timiş', 185),
(316, 'RO', 'TL', 'Tulcea', 185),
(317, 'RO', 'VS', 'Vaslui', 185),
(318, 'RO', 'VL', 'Vâlcea', 185),
(319, 'RO', 'VN', 'Vrancea', 185),
(320, 'FI', 'Lappi', 'Lappi', 80),
(321, 'FI', 'Pohjois-Pohjanmaa', 'Pohjois-Pohjanmaa', 80),
(322, 'FI', 'Kainuu', 'Kainuu', 80),
(323, 'FI', 'Pohjois-Karjala', 'Pohjois-Karjala', 80),
(324, 'FI', 'Pohjois-Savo', 'Pohjois-Savo', 80),
(325, 'FI', 'Etelä-Savo', 'Etelä-Savo', 80),
(326, 'FI', 'Etelä-Pohjanmaa', 'Etelä-Pohjanmaa', 80),
(327, 'FI', 'Pohjanmaa', 'Pohjanmaa', 80),
(328, 'FI', 'Pirkanmaa', 'Pirkanmaa', 80),
(329, 'FI', 'Satakunta', 'Satakunta', 80),
(330, 'FI', 'Keski-Pohjanmaa', 'Keski-Pohjanmaa', 80),
(331, 'FI', 'Keski-Suomi', 'Keski-Suomi', 80),
(332, 'FI', 'Varsinais-Suomi', 'Varsinais-Suomi', 80),
(333, 'FI', 'Etelä-Karjala', 'Etelä-Karjala', 80),
(334, 'FI', 'Päijät-Häme', 'Päijät-Häme', 80),
(335, 'FI', 'Kanta-Häme', 'Kanta-Häme', 80),
(336, 'FI', 'Uusimaa', 'Uusimaa', 80),
(337, 'FI', 'Itä-Uusimaa', 'Itä-Uusimaa', 80),
(338, 'FI', 'Kymenlaakso', 'Kymenlaakso', 80),
(339, 'FI', 'Ahvenanmaa', 'Ahvenanmaa', 80),
(340, 'EE', 'EE-37', 'Harjumaa', 74),
(341, 'EE', 'EE-39', 'Hiiumaa', 74),
(342, 'EE', 'EE-44', 'Ida-Virumaa', 74),
(343, 'EE', 'EE-49', 'Jõgevamaa', 74),
(344, 'EE', 'EE-51', 'Järvamaa', 74),
(345, 'EE', 'EE-57', 'Läänemaa', 74),
(346, 'EE', 'EE-59', 'Lääne-Virumaa', 74),
(347, 'EE', 'EE-65', 'Põlvamaa', 74),
(348, 'EE', 'EE-67', 'Pärnumaa', 74),
(349, 'EE', 'EE-70', 'Raplamaa', 74),
(350, 'EE', 'EE-74', 'Saaremaa', 74),
(351, 'EE', 'EE-78', 'Tartumaa', 74),
(352, 'EE', 'EE-82', 'Valgamaa', 74),
(353, 'EE', 'EE-84', 'Viljandimaa', 74),
(354, 'EE', 'EE-86', 'Võrumaa', 74),
(355, 'LV', 'LV-DGV', 'Daugavpils', 125),
(356, 'LV', 'LV-JEL', 'Jelgava', 125),
(357, 'LV', 'Jēkabpils', 'Jēkabpils', 125),
(358, 'LV', 'LV-JUR', 'Jūrmala', 125),
(359, 'LV', 'LV-LPX', 'Liepāja', 125),
(360, 'LV', 'LV-LE', 'Liepājas novads', 125),
(361, 'LV', 'LV-REZ', 'Rēzekne', 125),
(362, 'LV', 'LV-RIX', 'Rīga', 125),
(363, 'LV', 'LV-RI', 'Rīgas novads', 125),
(364, 'LV', 'Valmiera', 'Valmiera', 125),
(365, 'LV', 'LV-VEN', 'Ventspils', 125),
(366, 'LV', 'Aglonas novads', 'Aglonas novads', 125),
(367, 'LV', 'LV-AI', 'Aizkraukles novads', 125),
(368, 'LV', 'Aizputes novads', 'Aizputes novads', 125),
(369, 'LV', 'Aknīstes novads', 'Aknīstes novads', 125),
(370, 'LV', 'Alojas novads', 'Alojas novads', 125),
(371, 'LV', 'Alsungas novads', 'Alsungas novads', 125),
(372, 'LV', 'LV-AL', 'Alūksnes novads', 125),
(373, 'LV', 'Amatas novads', 'Amatas novads', 125),
(374, 'LV', 'Apes novads', 'Apes novads', 125),
(375, 'LV', 'Auces novads', 'Auces novads', 125),
(376, 'LV', 'Babītes novads', 'Babītes novads', 125),
(377, 'LV', 'Baldones novads', 'Baldones novads', 125),
(378, 'LV', 'Baltinavas novads', 'Baltinavas novads', 125),
(379, 'LV', 'LV-BL', 'Balvu novads', 125),
(380, 'LV', 'LV-BU', 'Bauskas novads', 125),
(381, 'LV', 'Beverīnas novads', 'Beverīnas novads', 125),
(382, 'LV', 'Brocēnu novads', 'Brocēnu novads', 125),
(383, 'LV', 'Burtnieku novads', 'Burtnieku novads', 125),
(384, 'LV', 'Carnikavas novads', 'Carnikavas novads', 125),
(385, 'LV', 'Cesvaines novads', 'Cesvaines novads', 125),
(386, 'LV', 'Ciblas novads', 'Ciblas novads', 125),
(387, 'LV', 'LV-CE', 'Cēsu novads', 125),
(388, 'LV', 'Dagdas novads', 'Dagdas novads', 125),
(389, 'LV', 'LV-DA', 'Daugavpils novads', 125),
(390, 'LV', 'LV-DO', 'Dobeles novads', 125),
(391, 'LV', 'Dundagas novads', 'Dundagas novads', 125),
(392, 'LV', 'Durbes novads', 'Durbes novads', 125),
(393, 'LV', 'Engures novads', 'Engures novads', 125),
(394, 'LV', 'Garkalnes novads', 'Garkalnes novads', 125),
(395, 'LV', 'Grobiņas novads', 'Grobiņas novads', 125),
(396, 'LV', 'LV-GU', 'Gulbenes novads', 125),
(397, 'LV', 'Iecavas novads', 'Iecavas novads', 125),
(398, 'LV', 'Ikšķiles novads', 'Ikšķiles novads', 125),
(399, 'LV', 'Ilūkstes novads', 'Ilūkstes novads', 125),
(400, 'LV', 'Inčukalna novads', 'Inčukalna novads', 125),
(401, 'LV', 'Jaunjelgavas novads', 'Jaunjelgavas novads', 125),
(402, 'LV', 'Jaunpiebalgas novads', 'Jaunpiebalgas novads', 125),
(403, 'LV', 'Jaunpils novads', 'Jaunpils novads', 125),
(404, 'LV', 'LV-JL', 'Jelgavas novads', 125),
(405, 'LV', 'LV-JK', 'Jēkabpils novads', 125),
(406, 'LV', 'Kandavas novads', 'Kandavas novads', 125),
(407, 'LV', 'Kokneses novads', 'Kokneses novads', 125),
(408, 'LV', 'Krimuldas novads', 'Krimuldas novads', 125),
(409, 'LV', 'Krustpils novads', 'Krustpils novads', 125),
(410, 'LV', 'LV-KR', 'Krāslavas novads', 125),
(411, 'LV', 'LV-KU', 'Kuldīgas novads', 125),
(412, 'LV', 'Kārsavas novads', 'Kārsavas novads', 125),
(413, 'LV', 'Lielvārdes novads', 'Lielvārdes novads', 125),
(414, 'LV', 'LV-LM', 'Limbažu novads', 125),
(415, 'LV', 'Lubānas novads', 'Lubānas novads', 125),
(416, 'LV', 'LV-LU', 'Ludzas novads', 125),
(417, 'LV', 'Līgatnes novads', 'Līgatnes novads', 125),
(418, 'LV', 'Līvānu novads', 'Līvānu novads', 125),
(419, 'LV', 'LV-MA', 'Madonas novads', 125),
(420, 'LV', 'Mazsalacas novads', 'Mazsalacas novads', 125),
(421, 'LV', 'Mālpils novads', 'Mālpils novads', 125),
(422, 'LV', 'Mārupes novads', 'Mārupes novads', 125),
(423, 'LV', 'Naukšēnu novads', 'Naukšēnu novads', 125),
(424, 'LV', 'Neretas novads', 'Neretas novads', 125),
(425, 'LV', 'Nīcas novads', 'Nīcas novads', 125),
(426, 'LV', 'LV-OG', 'Ogres novads', 125),
(427, 'LV', 'Olaines novads', 'Olaines novads', 125),
(428, 'LV', 'Ozolnieku novads', 'Ozolnieku novads', 125),
(429, 'LV', 'LV-PR', 'Preiļu novads', 125),
(430, 'LV', 'Priekules novads', 'Priekules novads', 125),
(431, 'LV', 'Priekuļu novads', 'Priekuļu novads', 125),
(432, 'LV', 'Pārgaujas novads', 'Pārgaujas novads', 125),
(433, 'LV', 'Pāvilostas novads', 'Pāvilostas novads', 125),
(434, 'LV', 'Pļaviņu novads', 'Pļaviņu novads', 125),
(435, 'LV', 'Raunas novads', 'Raunas novads', 125),
(436, 'LV', 'Riebiņu novads', 'Riebiņu novads', 125),
(437, 'LV', 'Rojas novads', 'Rojas novads', 125),
(438, 'LV', 'Ropažu novads', 'Ropažu novads', 125),
(439, 'LV', 'Rucavas novads', 'Rucavas novads', 125),
(440, 'LV', 'Rugāju novads', 'Rugāju novads', 125),
(441, 'LV', 'Rundāles novads', 'Rundāles novads', 125),
(442, 'LV', 'LV-RE', 'Rēzeknes novads', 125),
(443, 'LV', 'Rūjienas novads', 'Rūjienas novads', 125),
(444, 'LV', 'Salacgrīvas novads', 'Salacgrīvas novads', 125),
(445, 'LV', 'Salas novads', 'Salas novads', 125),
(446, 'LV', 'Salaspils novads', 'Salaspils novads', 125),
(447, 'LV', 'LV-SA', 'Saldus novads', 125),
(448, 'LV', 'Saulkrastu novads', 'Saulkrastu novads', 125),
(449, 'LV', 'Siguldas novads', 'Siguldas novads', 125),
(450, 'LV', 'Skrundas novads', 'Skrundas novads', 125),
(451, 'LV', 'Skrīveru novads', 'Skrīveru novads', 125),
(452, 'LV', 'Smiltenes novads', 'Smiltenes novads', 125),
(453, 'LV', 'Stopiņu novads', 'Stopiņu novads', 125),
(454, 'LV', 'Strenču novads', 'Strenču novads', 125),
(455, 'LV', 'Sējas novads', 'Sējas novads', 125),
(456, 'LV', 'LV-TA', 'Talsu novads', 125),
(457, 'LV', 'LV-TU', 'Tukuma novads', 125),
(458, 'LV', 'Tērvetes novads', 'Tērvetes novads', 125),
(459, 'LV', 'Vaiņodes novads', 'Vaiņodes novads', 125),
(460, 'LV', 'LV-VK', 'Valkas novads', 125),
(461, 'LV', 'LV-VM', 'Valmieras novads', 125),
(462, 'LV', 'Varakļānu novads', 'Varakļānu novads', 125),
(463, 'LV', 'Vecpiebalgas novads', 'Vecpiebalgas novads', 125),
(464, 'LV', 'Vecumnieku novads', 'Vecumnieku novads', 125),
(465, 'LV', 'LV-VE', 'Ventspils novads', 125),
(466, 'LV', 'Viesītes novads', 'Viesītes novads', 125),
(467, 'LV', 'Viļakas novads', 'Viļakas novads', 125),
(468, 'LV', 'Viļānu novads', 'Viļānu novads', 125),
(469, 'LV', 'Vārkavas novads', 'Vārkavas novads', 125),
(470, 'LV', 'Zilupes novads', 'Zilupes novads', 125),
(471, 'LV', 'Ādažu novads', 'Ādažu novads', 125),
(472, 'LV', 'Ērgļu novads', 'Ērgļu novads', 125),
(473, 'LV', 'Ķeguma novads', 'Ķeguma novads', 125),
(474, 'LV', 'Ķekavas novads', 'Ķekavas novads', 125),
(475, 'LT', 'LT-AL', 'Alytaus Apskritis', 131),
(476, 'LT', 'LT-KU', 'Kauno Apskritis', 131),
(477, 'LT', 'LT-KL', 'Klaipėdos Apskritis', 131),
(478, 'LT', 'LT-MR', 'Marijampolės Apskritis', 131),
(479, 'LT', 'LT-PN', 'Panevėžio Apskritis', 131),
(480, 'LT', 'LT-SA', 'Šiaulių Apskritis', 131),
(481, 'LT', 'LT-TA', 'Tauragės Apskritis', 131),
(482, 'LT', 'LT-TE', 'Telšių Apskritis', 131),
(483, 'LT', 'LT-UT', 'Utenos Apskritis', 131),
(484, 'LT', 'LT-VL', 'Vilniaus Apskritis', 131),
(485, 'BR', 'AC', 'Acre', 31),
(486, 'BR', 'AL', 'Alagoas', 31),
(487, 'BR', 'AP', 'Amapá', 31),
(488, 'BR', 'AM', 'Amazonas', 31),
(489, 'BR', 'BA', 'Bahia', 31),
(490, 'BR', 'CE', 'Ceará', 31),
(491, 'BR', 'ES', 'Espírito Santo', 31),
(492, 'BR', 'GO', 'Goiás', 31),
(493, 'BR', 'MA', 'Maranhão', 31),
(494, 'BR', 'MT', 'Mato Grosso', 31),
(495, 'BR', 'MS', 'Mato Grosso do Sul', 31),
(496, 'BR', 'MG', 'Minas Gerais', 31),
(497, 'BR', 'PA', 'Pará', 31),
(498, 'BR', 'PB', 'Paraíba', 31),
(499, 'BR', 'PR', 'Paraná', 31),
(500, 'BR', 'PE', 'Pernambuco', 31),
(501, 'BR', 'PI', 'Piauí', 31),
(502, 'BR', 'RJ', 'Rio de Janeiro', 31),
(503, 'BR', 'RN', 'Rio Grande do Norte', 31),
(504, 'BR', 'RS', 'Rio Grande do Sul', 31),
(505, 'BR', 'RO', 'Rondônia', 31),
(506, 'BR', 'RR', 'Roraima', 31),
(507, 'BR', 'SC', 'Santa Catarina', 31),
(508, 'BR', 'SP', 'São Paulo', 31),
(509, 'BR', 'SE', 'Sergipe', 31),
(510, 'BR', 'TO', 'Tocantins', 31),
(511, 'BR', 'DF', 'Distrito Federal', 31),
(512, 'HR', 'HR-01', 'Zagrebačka županija', 59),
(513, 'HR', 'HR-02', 'Krapinsko-zagorska županija', 59),
(514, 'HR', 'HR-03', 'Sisačko-moslavačka županija', 59),
(515, 'HR', 'HR-04', 'Karlovačka županija', 59),
(516, 'HR', 'HR-05', 'Varaždinska županija', 59),
(517, 'HR', 'HR-06', 'Koprivničko-križevačka županija', 59),
(518, 'HR', 'HR-07', 'Bjelovarsko-bilogorska županija', 59),
(519, 'HR', 'HR-08', 'Primorsko-goranska županija', 59),
(520, 'HR', 'HR-09', 'Ličko-senjska županija', 59),
(521, 'HR', 'HR-10', 'Virovitičko-podravska županija', 59),
(522, 'HR', 'HR-11', 'Požeško-slavonska županija', 59),
(523, 'HR', 'HR-12', 'Brodsko-posavska županija', 59),
(524, 'HR', 'HR-13', 'Zadarska županija', 59),
(525, 'HR', 'HR-14', 'Osječko-baranjska županija', 59),
(526, 'HR', 'HR-15', 'Šibensko-kninska županija', 59),
(527, 'HR', 'HR-16', 'Vukovarsko-srijemska županija', 59),
(528, 'HR', 'HR-17', 'Splitsko-dalmatinska županija', 59),
(529, 'HR', 'HR-18', 'Istarska županija', 59),
(530, 'HR', 'HR-19', 'Dubrovačko-neretvanska županija', 59),
(531, 'HR', 'HR-20', 'Međimurska županija', 59),
(532, 'HR', 'HR-21', 'Grad Zagreb', 59),
(533, 'IN', 'AN', 'Andaman and Nicobar Islands', 106),
(534, 'IN', 'AP', 'Andhra Pradesh', 106),
(535, 'IN', 'AR', 'Arunachal Pradesh', 106),
(536, 'IN', 'AS', 'Assam', 106),
(537, 'IN', 'BR', 'Bihar', 106),
(538, 'IN', 'CH', 'Chandigarh', 106),
(539, 'IN', 'CT', 'Chhattisgarh', 106),
(540, 'IN', 'DN', 'Dadra and Nagar Haveli', 106),
(541, 'IN', 'DD', 'Daman and Diu', 106),
(542, 'IN', 'DL', 'Delhi', 106),
(543, 'IN', 'GA', 'Goa', 106),
(544, 'IN', 'GJ', 'Gujarat', 106),
(545, 'IN', 'HR', 'Haryana', 106),
(546, 'IN', 'HP', 'Himachal Pradesh', 106),
(547, 'IN', 'JK', 'Jammu and Kashmir', 106),
(548, 'IN', 'JH', 'Jharkhand', 106),
(549, 'IN', 'KA', 'Karnataka', 106),
(550, 'IN', 'KL', 'Kerala', 106),
(551, 'IN', 'LD', 'Lakshadweep', 106),
(552, 'IN', 'MP', 'Madhya Pradesh', 106),
(553, 'IN', 'MH', 'Maharashtra', 106),
(554, 'IN', 'MN', 'Manipur', 106),
(555, 'IN', 'ML', 'Meghalaya', 106),
(556, 'IN', 'MZ', 'Mizoram', 106),
(557, 'IN', 'NL', 'Nagaland', 106),
(558, 'IN', 'OR', 'Odisha', 106),
(559, 'IN', 'PY', 'Puducherry', 106),
(560, 'IN', 'PB', 'Punjab', 106),
(561, 'IN', 'RJ', 'Rajasthan', 106),
(562, 'IN', 'SK', 'Sikkim', 106),
(563, 'IN', 'TN', 'Tamil Nadu', 106),
(564, 'IN', 'TG', 'Telangana', 106),
(565, 'IN', 'TR', 'Tripura', 106),
(566, 'IN', 'UP', 'Uttar Pradesh', 106),
(567, 'IN', 'UT', 'Uttarakhand', 106),
(568, 'IN', 'WB', 'West Bengal', 106);

--
-- Dumping data for table `country_state_translations`
--

INSERT INTO `country_state_translations` (`id`, `locale`, `default_name`, `country_state_id`) VALUES
(1705, 'ar', 'ألاباما', 1),
(1706, 'ar', 'ألاسكا', 2),
(1707, 'ar', 'ساموا الأمريكية', 3),
(1708, 'ar', 'أريزونا', 4),
(1709, 'ar', 'أركنساس', 5),
(1710, 'ar', 'القوات المسلحة أفريقيا', 6),
(1711, 'ar', 'القوات المسلحة الأمريكية', 7),
(1712, 'ar', 'القوات المسلحة الكندية', 8),
(1713, 'ar', 'القوات المسلحة أوروبا', 9),
(1714, 'ar', 'القوات المسلحة الشرق الأوسط', 10),
(1715, 'ar', 'القوات المسلحة في المحيط الهادئ', 11),
(1716, 'ar', 'كاليفورنيا', 12),
(1717, 'ar', 'كولورادو', 13),
(1718, 'ar', 'كونيتيكت', 14),
(1719, 'ar', 'ديلاوير', 15),
(1720, 'ar', 'مقاطعة كولومبيا', 16),
(1721, 'ar', 'ولايات ميكرونيزيا الموحدة', 17),
(1722, 'ar', 'فلوريدا', 18),
(1723, 'ar', 'جورجيا', 19),
(1724, 'ar', 'غوام', 20),
(1725, 'ar', 'هاواي', 21),
(1726, 'ar', 'ايداهو', 22),
(1727, 'ar', 'إلينوي', 23),
(1728, 'ar', 'إنديانا', 24),
(1729, 'ar', 'أيوا', 25),
(1730, 'ar', 'كانساس', 26),
(1731, 'ar', 'كنتاكي', 27),
(1732, 'ar', 'لويزيانا', 28),
(1733, 'ar', 'مين', 29),
(1734, 'ar', 'جزر مارشال', 30),
(1735, 'ar', 'ماريلاند', 31),
(1736, 'ar', 'ماساتشوستس', 32),
(1737, 'ar', 'ميشيغان', 33),
(1738, 'ar', 'مينيسوتا', 34),
(1739, 'ar', 'ميسيسيبي', 35),
(1740, 'ar', 'ميسوري', 36),
(1741, 'ar', 'مونتانا', 37),
(1742, 'ar', 'نبراسكا', 38),
(1743, 'ar', 'نيفادا', 39),
(1744, 'ar', 'نيو هامبشاير', 40),
(1745, 'ar', 'نيو جيرسي', 41),
(1746, 'ar', 'المكسيك جديدة', 42),
(1747, 'ar', 'نيويورك', 43),
(1748, 'ar', 'شمال كارولينا', 44),
(1749, 'ar', 'شمال داكوتا', 45),
(1750, 'ar', 'جزر مريانا الشمالية', 46),
(1751, 'ar', 'أوهايو', 47),
(1752, 'ar', 'أوكلاهوما', 48),
(1753, 'ar', 'ولاية أوريغون', 49),
(1754, 'ar', 'بالاو', 50),
(1755, 'ar', 'بنسلفانيا', 51),
(1756, 'ar', 'بورتوريكو', 52),
(1757, 'ar', 'جزيرة رود', 53),
(1758, 'ar', 'كارولينا الجنوبية', 54),
(1759, 'ar', 'جنوب داكوتا', 55),
(1760, 'ar', 'تينيسي', 56),
(1761, 'ar', 'تكساس', 57),
(1762, 'ar', 'يوتا', 58),
(1763, 'ar', 'فيرمونت', 59),
(1764, 'ar', 'جزر فيرجن', 60),
(1765, 'ar', 'فرجينيا', 61),
(1766, 'ar', 'واشنطن', 62),
(1767, 'ar', 'فرجينيا الغربية', 63),
(1768, 'ar', 'ولاية ويسكونسن', 64),
(1769, 'ar', 'وايومنغ', 65),
(1770, 'ar', 'ألبرتا', 66),
(1771, 'ar', 'كولومبيا البريطانية', 67),
(1772, 'ar', 'مانيتوبا', 68),
(1773, 'ar', 'نيوفاوندلاند ولابرادور', 69),
(1774, 'ar', 'برونزيك جديد', 70),
(1775, 'ar', 'مقاطعة نفوفا سكوشيا', 71),
(1776, 'ar', 'الاقاليم الشمالية الغربية', 72),
(1777, 'ar', 'نونافوت', 73),
(1778, 'ar', 'أونتاريو', 74),
(1779, 'ar', 'جزيرة الأمير ادوارد', 75),
(1780, 'ar', 'كيبيك', 76),
(1781, 'ar', 'ساسكاتشوان', 77),
(1782, 'ar', 'إقليم يوكون', 78),
(1783, 'ar', 'Niedersachsen', 79),
(1784, 'ar', 'بادن فورتمبيرغ', 80),
(1785, 'ar', 'بايرن ميونيخ', 81),
(1786, 'ar', 'برلين', 82),
(1787, 'ar', 'براندنبورغ', 83),
(1788, 'ar', 'بريمن', 84),
(1789, 'ar', 'هامبورغ', 85),
(1790, 'ar', 'هيسن', 86),
(1791, 'ar', 'مكلنبورغ-فوربومرن', 87),
(1792, 'ar', 'نوردراين فيستفالن', 88),
(1793, 'ar', 'راينلاند-بفالز', 89),
(1794, 'ar', 'سارلاند', 90),
(1795, 'ar', 'ساكسن', 91),
(1796, 'ar', 'سكسونيا أنهالت', 92),
(1797, 'ar', 'شليسفيغ هولشتاين', 93),
(1798, 'ar', 'تورنغن', 94),
(1799, 'ar', 'فيينا', 95),
(1800, 'ar', 'النمسا السفلى', 96),
(1801, 'ar', 'النمسا العليا', 97),
(1802, 'ar', 'سالزبورغ', 98),
(1803, 'ar', 'Каринтия', 99),
(1804, 'ar', 'STEIERMARK', 100),
(1805, 'ar', 'تيرول', 101),
(1806, 'ar', 'بورغنلاند', 102),
(1807, 'ar', 'فورارلبرغ', 103),
(1808, 'ar', 'أرجاو', 104),
(1809, 'ar', 'Appenzell Innerrhoden', 105),
(1810, 'ar', 'أبنزل أوسيرهودن', 106),
(1811, 'ar', 'برن', 107),
(1812, 'ar', 'كانتون ريف بازل', 108),
(1813, 'ar', 'بازل شتات', 109),
(1814, 'ar', 'فرايبورغ', 110),
(1815, 'ar', 'Genf', 111),
(1816, 'ar', 'جلاروس', 112),
(1817, 'ar', 'غراوبوندن', 113),
(1818, 'ar', 'العصر الجوارسي أو الجوري', 114),
(1819, 'ar', 'لوزيرن', 115),
(1820, 'ar', 'في Neuenburg', 116),
(1821, 'ar', 'نيدوالدن', 117),
(1822, 'ar', 'أوبوالدن', 118),
(1823, 'ar', 'سانت غالن', 119),
(1824, 'ar', 'شافهاوزن', 120),
(1825, 'ar', 'سولوتورن', 121),
(1826, 'ar', 'شفيتس', 122),
(1827, 'ar', 'ثورجو', 123),
(1828, 'ar', 'تيتشينو', 124),
(1829, 'ar', 'أوري', 125),
(1830, 'ar', 'وادت', 126),
(1831, 'ar', 'اليس', 127),
(1832, 'ar', 'زوغ', 128),
(1833, 'ar', 'زيورخ', 129),
(1834, 'ar', 'Corunha', 130),
(1835, 'ar', 'ألافا', 131),
(1836, 'ar', 'الباسيتي', 132),
(1837, 'ar', 'اليكانتي', 133),
(1838, 'ar', 'الميريا', 134),
(1839, 'ar', 'أستورياس', 135),
(1840, 'ar', 'أفيلا', 136),
(1841, 'ar', 'بطليوس', 137),
(1842, 'ar', 'البليار', 138),
(1843, 'ar', 'برشلونة', 139),
(1844, 'ar', 'برغش', 140),
(1845, 'ar', 'كاسيريس', 141),
(1846, 'ar', 'كاديز', 142),
(1847, 'ar', 'كانتابريا', 143),
(1848, 'ar', 'كاستيلون', 144),
(1849, 'ar', 'سبتة', 145),
(1850, 'ar', 'سيوداد ريال', 146),
(1851, 'ar', 'قرطبة', 147),
(1852, 'ar', 'كوينكا', 148),
(1853, 'ar', 'جيرونا', 149),
(1854, 'ar', 'غرناطة', 150),
(1855, 'ar', 'غوادالاخارا', 151),
(1856, 'ar', 'بجويبوزكوا', 152),
(1857, 'ar', 'هويلفا', 153),
(1858, 'ar', 'هويسكا', 154),
(1859, 'ar', 'خاين', 155),
(1860, 'ar', 'لاريوخا', 156),
(1861, 'ar', 'لاس بالماس', 157),
(1862, 'ar', 'ليون', 158),
(1863, 'ar', 'يدا', 159),
(1864, 'ar', 'لوغو', 160),
(1865, 'ar', 'مدريد', 161),
(1866, 'ar', 'ملقة', 162),
(1867, 'ar', 'مليلية', 163),
(1868, 'ar', 'مورسيا', 164),
(1869, 'ar', 'نافارا', 165),
(1870, 'ar', 'أورينس', 166),
(1871, 'ar', 'بلنسية', 167),
(1872, 'ar', 'بونتيفيدرا', 168),
(1873, 'ar', 'سالامانكا', 169),
(1874, 'ar', 'سانتا كروز دي تينيريفي', 170),
(1875, 'ar', 'سيغوفيا', 171),
(1876, 'ar', 'اشبيلية', 172),
(1877, 'ar', 'سوريا', 173),
(1878, 'ar', 'تاراغونا', 174),
(1879, 'ar', 'تيرويل', 175),
(1880, 'ar', 'توليدو', 176),
(1881, 'ar', 'فالنسيا', 177),
(1882, 'ar', 'بلد الوليد', 178),
(1883, 'ar', 'فيزكايا', 179),
(1884, 'ar', 'زامورا', 180),
(1885, 'ar', 'سرقسطة', 181),
(1886, 'ar', 'عين', 182),
(1887, 'ar', 'أيسن', 183),
(1888, 'ar', 'اليي', 184),
(1889, 'ar', 'ألب البروفنس العليا', 185),
(1890, 'ar', 'أوتس ألب', 186),
(1891, 'ar', 'ألب ماريتيم', 187),
(1892, 'ar', 'ARDECHE', 188),
(1893, 'ar', 'Ardennes', 189),
(1894, 'ar', 'آردن', 190),
(1895, 'ar', 'أوب', 191),
(1896, 'ar', 'اود', 192),
(1897, 'ar', 'أفيرون', 193),
(1898, 'ar', 'بوكاس دو رون', 194),
(1899, 'ar', 'كالفادوس', 195),
(1900, 'ar', 'كانتال', 196),
(1901, 'ar', 'شارانت', 197),
(1902, 'ar', 'سيين إت مارن', 198),
(1903, 'ar', 'شير', 199),
(1904, 'ar', 'كوريز', 200),
(1905, 'ar', 'سود كورس-دو-', 201),
(1906, 'ar', 'هوت كورس', 202),
(1907, 'ar', 'كوستا دوركوريز', 203),
(1908, 'ar', 'كوتس دورمور', 204),
(1909, 'ar', 'كروز', 205),
(1910, 'ar', 'دوردوني', 206),
(1911, 'ar', 'دوبس', 207),
(1912, 'ar', 'DrômeFinistère', 208),
(1913, 'ar', 'أور', 209),
(1914, 'ar', 'أور ولوار', 210),
(1915, 'ar', 'فينيستير', 211),
(1916, 'ar', 'جارد', 212),
(1917, 'ar', 'هوت غارون', 213),
(1918, 'ar', 'الخيام', 214),
(1919, 'ar', 'جيروند', 215),
(1920, 'ar', 'هيرولت', 216),
(1921, 'ar', 'إيل وفيلان', 217),
(1922, 'ar', 'إندر', 218),
(1923, 'ar', 'أندر ولوار', 219),
(1924, 'ar', 'إيسر', 220),
(1925, 'ar', 'العصر الجوارسي أو الجوري', 221),
(1926, 'ar', 'اندز', 222),
(1927, 'ar', 'لوار وشير', 223),
(1928, 'ar', 'لوار', 224),
(1929, 'ar', 'هوت-لوار', 225),
(1930, 'ar', 'وار أتلانتيك', 226),
(1931, 'ar', 'لورا', 227),
(1932, 'ar', 'كثيرا', 228),
(1933, 'ar', 'الكثير غارون', 229),
(1934, 'ar', 'لوزر', 230),
(1935, 'ar', 'مين-إي-لوار', 231),
(1936, 'ar', 'المانش', 232),
(1937, 'ar', 'مارن', 233),
(1938, 'ar', 'هوت مارن', 234),
(1939, 'ar', 'مايين', 235),
(1940, 'ar', 'مورت وموزيل', 236),
(1941, 'ar', 'ميوز', 237),
(1942, 'ar', 'موربيهان', 238),
(1943, 'ar', 'موسيل', 239),
(1944, 'ar', 'نيفر', 240),
(1945, 'ar', 'نورد', 241),
(1946, 'ar', 'إيل دو فرانس', 242),
(1947, 'ar', 'أورن', 243),
(1948, 'ar', 'با-دو-كاليه', 244),
(1949, 'ar', 'بوي دي دوم', 245),
(1950, 'ar', 'البرانيس ​​الأطلسية', 246),
(1951, 'ar', 'أوتس-بيرينيهs', 247),
(1952, 'ar', 'بيرينيه-أورينتال', 248),
(1953, 'ar', 'بس رين', 249),
(1954, 'ar', 'أوت رين', 250),
(1955, 'ar', 'رون [3]', 251),
(1956, 'ar', 'هوت-سون', 252),
(1957, 'ar', 'سون ولوار', 253),
(1958, 'ar', 'سارت', 254),
(1959, 'ar', 'سافوا', 255),
(1960, 'ar', 'هاوت سافوي', 256),
(1961, 'ar', 'باريس', 257),
(1962, 'ar', 'سين البحرية', 258),
(1963, 'ar', 'سيين إت مارن', 259),
(1964, 'ar', 'إيفلين', 260),
(1965, 'ar', 'دوكس سفرس', 261),
(1966, 'ar', 'السوم', 262),
(1967, 'ar', 'تارن', 263),
(1968, 'ar', 'تارن وغارون', 264),
(1969, 'ar', 'فار', 265),
(1970, 'ar', 'فوكلوز', 266),
(1971, 'ar', 'تارن', 267),
(1972, 'ar', 'فيين', 268),
(1973, 'ar', 'هوت فيين', 269),
(1974, 'ar', 'الفوج', 270),
(1975, 'ar', 'يون', 271),
(1976, 'ar', 'تيريتوير-دي-بلفور', 272),
(1977, 'ar', 'إيسون', 273),
(1978, 'ar', 'هوت دو سين', 274),
(1979, 'ar', 'سين سان دوني', 275),
(1980, 'ar', 'فال دو مارن', 276),
(1981, 'ar', 'فال دواز', 277),
(1982, 'ar', 'ألبا', 278),
(1983, 'ar', 'اراد', 279),
(1984, 'ar', 'ARGES', 280),
(1985, 'ar', 'باكاو', 281),
(1986, 'ar', 'بيهور', 282),
(1987, 'ar', 'بيستريتا ناسود', 283),
(1988, 'ar', 'بوتوساني', 284),
(1989, 'ar', 'براشوف', 285),
(1990, 'ar', 'برايلا', 286),
(1991, 'ar', 'بوخارست', 287),
(1992, 'ar', 'بوزاو', 288),
(1993, 'ar', 'كاراس سيفيرين', 289),
(1994, 'ar', 'كالاراسي', 290),
(1995, 'ar', 'كلوج', 291),
(1996, 'ar', 'كونستانتا', 292),
(1997, 'ar', 'كوفاسنا', 293),
(1998, 'ar', 'دامبوفيتا', 294),
(1999, 'ar', 'دولج', 295),
(2000, 'ar', 'جالاتي', 296),
(2001, 'ar', 'Giurgiu', 297),
(2002, 'ar', 'غيورغيو', 298),
(2003, 'ar', 'هارغيتا', 299),
(2004, 'ar', 'هونيدوارا', 300),
(2005, 'ar', 'ايالوميتا', 301),
(2006, 'ar', 'ياشي', 302),
(2007, 'ar', 'إيلفوف', 303),
(2008, 'ar', 'مارامريس', 304),
(2009, 'ar', 'MEHEDINTI', 305),
(2010, 'ar', 'موريس', 306),
(2011, 'ar', 'نيامتس', 307),
(2012, 'ar', 'أولت', 308),
(2013, 'ar', 'براهوفا', 309),
(2014, 'ar', 'ساتو ماري', 310),
(2015, 'ar', 'سالاج', 311),
(2016, 'ar', 'سيبيو', 312),
(2017, 'ar', 'سوسيفا', 313),
(2018, 'ar', 'تيليورمان', 314),
(2019, 'ar', 'تيم هو', 315),
(2020, 'ar', 'تولسيا', 316),
(2021, 'ar', 'فاسلوي', 317),
(2022, 'ar', 'فالسيا', 318),
(2023, 'ar', 'فرانتشا', 319),
(2024, 'ar', 'Lappi', 320),
(2025, 'ar', 'Pohjois-Pohjanmaa', 321),
(2026, 'ar', 'كاينو', 322),
(2027, 'ar', 'Pohjois-كارجالا', 323),
(2028, 'ar', 'Pohjois-سافو', 324),
(2029, 'ar', 'Etelä-سافو', 325),
(2030, 'ar', 'Etelä-Pohjanmaa', 326),
(2031, 'ar', 'Pohjanmaa', 327),
(2032, 'ar', 'بيركنما', 328),
(2033, 'ar', 'ساتا كونتا', 329),
(2034, 'ar', 'كسكي-Pohjanmaa', 330),
(2035, 'ar', 'كسكي-سومي', 331),
(2036, 'ar', 'Varsinais-سومي', 332),
(2037, 'ar', 'Etelä-كارجالا', 333),
(2038, 'ar', 'Päijät-Häme', 334),
(2039, 'ar', 'كانتا-HAME', 335),
(2040, 'ar', 'أوسيما', 336),
(2041, 'ar', 'أوسيما', 337),
(2042, 'ar', 'كومنلاكسو', 338),
(2043, 'ar', 'Ahvenanmaa', 339),
(2044, 'ar', 'Harjumaa', 340),
(2045, 'ar', 'هيوما', 341),
(2046, 'ar', 'المؤسسة الدولية للتنمية فيروما', 342),
(2047, 'ar', 'جوغفما', 343),
(2048, 'ar', 'يارفا', 344),
(2049, 'ar', 'انيما', 345),
(2050, 'ar', 'اني فيريوما', 346),
(2051, 'ar', 'بولفاما', 347),
(2052, 'ar', 'بارنوما', 348),
(2053, 'ar', 'Raplamaa', 349),
(2054, 'ar', 'Saaremaa', 350),
(2055, 'ar', 'Tartumaa', 351),
(2056, 'ar', 'Valgamaa', 352),
(2057, 'ar', 'Viljandimaa', 353),
(2058, 'ar', 'روايات Salacgr novvas', 354),
(2059, 'ar', 'داوجافبيلس', 355),
(2060, 'ar', 'يلغافا', 356),
(2061, 'ar', 'يكاب', 357),
(2062, 'ar', 'يورمال', 358),
(2063, 'ar', 'يابايا', 359),
(2064, 'ar', 'ليباج أبريس', 360),
(2065, 'ar', 'ريزكن', 361),
(2066, 'ar', 'ريغا', 362),
(2067, 'ar', 'مقاطعة ريغا', 363),
(2068, 'ar', 'فالميرا', 364),
(2069, 'ar', 'فنتسبيلز', 365),
(2070, 'ar', 'روايات Aglonas', 366),
(2071, 'ar', 'Aizkraukles novads', 367),
(2072, 'ar', 'Aizkraukles novads', 368),
(2073, 'ar', 'Aknīstes novads', 369),
(2074, 'ar', 'Alojas novads', 370),
(2075, 'ar', 'روايات Alsungas', 371),
(2076, 'ar', 'ألكسنس أبريز', 372),
(2077, 'ar', 'روايات أماتاس', 373),
(2078, 'ar', 'قرود الروايات', 374),
(2079, 'ar', 'روايات أوسيس', 375),
(2080, 'ar', 'بابيت الروايات', 376),
(2081, 'ar', 'Baldones الروايات', 377),
(2082, 'ar', 'بالتينافاس الروايات', 378),
(2083, 'ar', 'روايات بالفو', 379),
(2084, 'ar', 'Bauskas الروايات', 380),
(2085, 'ar', 'Beverīnas novads', 381),
(2086, 'ar', 'Novads Brocēnu', 382),
(2087, 'ar', 'Novads Burtnieku', 383),
(2088, 'ar', 'Carnikavas novads', 384),
(2089, 'ar', 'Cesvaines novads', 385),
(2090, 'ar', 'Ciblas novads', 386),
(2091, 'ar', 'تسو أبريس', 387),
(2092, 'ar', 'Dagdas novads', 388),
(2093, 'ar', 'Daugavpils novads', 389),
(2094, 'ar', 'روايات دوبيليس', 390),
(2095, 'ar', 'ديربيس الروايات', 391),
(2096, 'ar', 'ديربيس الروايات', 392),
(2097, 'ar', 'يشرك الروايات', 393),
(2098, 'ar', 'Garkalnes novads', 394),
(2099, 'ar', 'Grobiņas novads', 395),
(2100, 'ar', 'غولبينيس الروايات', 396),
(2101, 'ar', 'إيكافاس روايات', 397),
(2102, 'ar', 'Ikškiles novads', 398),
(2103, 'ar', 'Ilūkstes novads', 399),
(2104, 'ar', 'روايات Inčukalna', 400),
(2105, 'ar', 'Jaunjelgavas novads', 401),
(2106, 'ar', 'Jaunpiebalgas novads', 402),
(2107, 'ar', 'روايات Jaunpiebalgas', 403),
(2108, 'ar', 'Jelgavas novads', 404),
(2109, 'ar', 'جيكابيلس أبريز', 405),
(2110, 'ar', 'روايات كاندافاس', 406),
(2111, 'ar', 'Kokneses الروايات', 407),
(2112, 'ar', 'Krimuldas novads', 408),
(2113, 'ar', 'Krustpils الروايات', 409),
(2114, 'ar', 'Krāslavas Apriņķis', 410),
(2115, 'ar', 'كولدوغاس أبريز', 411),
(2116, 'ar', 'Kārsavas novads', 412),
(2117, 'ar', 'روايات ييلفاريس', 413),
(2118, 'ar', 'ليمباو أبريز', 414),
(2119, 'ar', 'روايات لباناس', 415),
(2120, 'ar', 'روايات لودزاس', 416),
(2121, 'ar', 'مقاطعة ليجاتني', 417),
(2122, 'ar', 'مقاطعة ليفاني', 418),
(2123, 'ar', 'مادونا روايات', 419),
(2124, 'ar', 'Mazsalacas novads', 420),
(2125, 'ar', 'روايات مالبلز', 421),
(2126, 'ar', 'Mārupes novads', 422),
(2127, 'ar', 'نوفاو نوكشنو', 423),
(2128, 'ar', 'روايات نيريتاس', 424),
(2129, 'ar', 'روايات نيكاس', 425),
(2130, 'ar', 'أغنام الروايات', 426),
(2131, 'ar', 'أولينيس الروايات', 427),
(2132, 'ar', 'روايات Ozolnieku', 428),
(2133, 'ar', 'بريسيو أبرييس', 429),
(2134, 'ar', 'Priekules الروايات', 430),
(2135, 'ar', 'كوندادو دي بريكوي', 431),
(2136, 'ar', 'Pärgaujas novads', 432),
(2137, 'ar', 'روايات بافيلوستاس', 433),
(2138, 'ar', 'بلافيناس مقاطعة', 434),
(2139, 'ar', 'روناس روايات', 435),
(2140, 'ar', 'Riebiņu novads', 436),
(2141, 'ar', 'روجاس روايات', 437),
(2142, 'ar', 'Novads روباو', 438),
(2143, 'ar', 'روكافاس روايات', 439),
(2144, 'ar', 'روغاجو روايات', 440),
(2145, 'ar', 'رندلس الروايات', 441),
(2146, 'ar', 'Radzeknes novads', 442),
(2147, 'ar', 'Rūjienas novads', 443),
(2148, 'ar', 'بلدية سالاسغريفا', 444),
(2149, 'ar', 'روايات سالاس', 445),
(2150, 'ar', 'Salaspils novads', 446),
(2151, 'ar', 'روايات سالدوس', 447),
(2152, 'ar', 'Novuls Saulkrastu', 448),
(2153, 'ar', 'سيغولداس روايات', 449),
(2154, 'ar', 'Skrundas novads', 450),
(2155, 'ar', 'مقاطعة Skrīveri', 451),
(2156, 'ar', 'يبتسم الروايات', 452),
(2157, 'ar', 'روايات Stopiņu', 453),
(2158, 'ar', 'روايات Stren novu', 454),
(2159, 'ar', 'سجاس روايات', 455),
(2160, 'ar', 'روايات تالسو', 456),
(2161, 'ar', 'توكوما الروايات', 457),
(2162, 'ar', 'Tērvetes novads', 458),
(2163, 'ar', 'Vaiņodes novads', 459),
(2164, 'ar', 'فالكاس الروايات', 460),
(2165, 'ar', 'فالميراس الروايات', 461),
(2166, 'ar', 'مقاطعة فاكلاني', 462),
(2167, 'ar', 'Vecpiebalgas novads', 463),
(2168, 'ar', 'روايات Vecumnieku', 464),
(2169, 'ar', 'فنتسبيلس الروايات', 465),
(2170, 'ar', 'Viesītes Novads', 466),
(2171, 'ar', 'Viļakas novads', 467),
(2172, 'ar', 'روايات فيناو', 468),
(2173, 'ar', 'Vārkavas novads', 469),
(2174, 'ar', 'روايات زيلوبس', 470),
(2175, 'ar', 'مقاطعة أدازي', 471),
(2176, 'ar', 'مقاطعة Erglu', 472),
(2177, 'ar', 'مقاطعة كيغمس', 473),
(2178, 'ar', 'مقاطعة كيكافا', 474),
(2179, 'ar', 'Alytaus Apskritis', 475),
(2180, 'ar', 'كاونو ابكريتيس', 476),
(2181, 'ar', 'Klaipėdos apskritis', 477),
(2182, 'ar', 'Marijampol\'s apskritis', 478),
(2183, 'ar', 'Panevėžio apskritis', 479),
(2184, 'ar', 'uliaulių apskritis', 480),
(2185, 'ar', 'Taurag\'s apskritis', 481),
(2186, 'ar', 'Telšių apskritis', 482),
(2187, 'ar', 'Utenos apskritis', 483),
(2188, 'ar', 'فيلنياوس ابكريتيس', 484),
(2189, 'ar', 'فدان', 485),
(2190, 'ar', 'ألاغواس', 486),
(2191, 'ar', 'أمابا', 487),
(2192, 'ar', 'أمازوناس', 488),
(2193, 'ar', 'باهيا', 489),
(2194, 'ar', 'سيارا', 490),
(2195, 'ar', 'إسبيريتو سانتو', 491),
(2196, 'ar', 'غوياس', 492),
(2197, 'ar', 'مارانهاو', 493),
(2198, 'ar', 'ماتو جروسو', 494),
(2199, 'ar', 'ماتو جروسو دو سول', 495),
(2200, 'ar', 'ميناس جريس', 496),
(2201, 'ar', 'بارا', 497),
(2202, 'ar', 'بارايبا', 498),
(2203, 'ar', 'بارانا', 499),
(2204, 'ar', 'بيرنامبوكو', 500),
(2205, 'ar', 'بياوي', 501),
(2206, 'ar', 'ريو دي جانيرو', 502),
(2207, 'ar', 'ريو غراندي دو نورتي', 503),
(2208, 'ar', 'ريو غراندي دو سول', 504),
(2209, 'ar', 'روندونيا', 505),
(2210, 'ar', 'رورايما', 506),
(2211, 'ar', 'سانتا كاتارينا', 507),
(2212, 'ar', 'ساو باولو', 508),
(2213, 'ar', 'سيرغيبي', 509),
(2214, 'ar', 'توكانتينز', 510),
(2215, 'ar', 'وفي مقاطعة الاتحادية', 511),
(2216, 'ar', 'Zagrebačka زوبانيا', 512),
(2217, 'ar', 'Krapinsko-zagorska زوبانيا', 513),
(2218, 'ar', 'Sisačko-moslavačka زوبانيا', 514),
(2219, 'ar', 'كارلوفيتش شوبانيا', 515),
(2220, 'ar', 'فارادينسكا زوبانيجا', 516),
(2221, 'ar', 'Koprivničko-križevačka زوبانيجا', 517),
(2222, 'ar', 'بيلوفارسكو-بيلوجورسكا', 518),
(2223, 'ar', 'بريمورسكو غورانسكا سوبانيا', 519),
(2224, 'ar', 'ليكو سينيسكا زوبانيا', 520),
(2225, 'ar', 'Virovitičko-podravska زوبانيا', 521),
(2226, 'ar', 'Požeško-slavonska županija', 522),
(2227, 'ar', 'Brodsko-posavska županija', 523),
(2228, 'ar', 'زادارسكا زوبانيجا', 524),
(2229, 'ar', 'Osječko-baranjska županija', 525),
(2230, 'ar', 'شيبنسكو-كنينسكا سوبانيا', 526),
(2231, 'ar', 'Virovitičko-podravska زوبانيا', 527),
(2232, 'ar', 'Splitsko-dalmatinska زوبانيا', 528),
(2233, 'ar', 'Istarska زوبانيا', 529),
(2234, 'ar', 'Dubrovačko-neretvanska زوبانيا', 530),
(2235, 'ar', 'Međimurska زوبانيا', 531),
(2236, 'ar', 'غراد زغرب', 532),
(2237, 'ar', 'جزر أندامان ونيكوبار', 533),
(2238, 'ar', 'ولاية اندرا براديش', 534),
(2239, 'ar', 'اروناتشال براديش', 535),
(2240, 'ar', 'أسام', 536),
(2241, 'ar', 'بيهار', 537),
(2242, 'ar', 'شانديغار', 538),
(2243, 'ar', 'تشهاتيسجاره', 539),
(2244, 'ar', 'دادرا ونجار هافيلي', 540),
(2245, 'ar', 'دامان وديو', 541),
(2246, 'ar', 'دلهي', 542),
(2247, 'ar', 'غوا', 543),
(2248, 'ar', 'غوجارات', 544),
(2249, 'ar', 'هاريانا', 545),
(2250, 'ar', 'هيماشال براديش', 546),
(2251, 'ar', 'جامو وكشمير', 547),
(2252, 'ar', 'جهارخاند', 548),
(2253, 'ar', 'كارناتاكا', 549),
(2254, 'ar', 'ولاية كيرالا', 550),
(2255, 'ar', 'اكشادويب', 551),
(2256, 'ar', 'ماديا براديش', 552),
(2257, 'ar', 'ماهاراشترا', 553),
(2258, 'ar', 'مانيبور', 554),
(2259, 'ar', 'ميغالايا', 555),
(2260, 'ar', 'ميزورام', 556),
(2261, 'ar', 'ناجالاند', 557),
(2262, 'ar', 'أوديشا', 558),
(2263, 'ar', 'بودوتشيري', 559),
(2264, 'ar', 'البنجاب', 560),
(2265, 'ar', 'راجستان', 561),
(2266, 'ar', 'سيكيم', 562),
(2267, 'ar', 'تاميل نادو', 563),
(2268, 'ar', 'تيلانجانا', 564),
(2269, 'ar', 'تريبورا', 565),
(2270, 'ar', 'ولاية اوتار براديش', 566),
(2271, 'ar', 'أوتارانتشال', 567),
(2272, 'ar', 'البنغال الغربية', 568),
(2273, 'fa', 'آلاباما', 1),
(2274, 'fa', 'آلاسکا', 2),
(2275, 'fa', 'ساموآ آمریکایی', 3),
(2276, 'fa', 'آریزونا', 4),
(2277, 'fa', 'آرکانزاس', 5),
(2278, 'fa', 'نیروهای مسلح آفریقا', 6),
(2279, 'fa', 'Armed Forces America', 7),
(2280, 'fa', 'نیروهای مسلح کانادا', 8),
(2281, 'fa', 'نیروهای مسلح اروپا', 9),
(2282, 'fa', 'نیروهای مسلح خاورمیانه', 10),
(2283, 'fa', 'نیروهای مسلح اقیانوس آرام', 11),
(2284, 'fa', 'کالیفرنیا', 12),
(2285, 'fa', 'کلرادو', 13),
(2286, 'fa', 'کانکتیکات', 14),
(2287, 'fa', 'دلاور', 15),
(2288, 'fa', 'منطقه کلمبیا', 16),
(2289, 'fa', 'ایالات فدرال میکرونزی', 17),
(2290, 'fa', 'فلوریدا', 18),
(2291, 'fa', 'جورجیا', 19),
(2292, 'fa', 'گوام', 20),
(2293, 'fa', 'هاوایی', 21),
(2294, 'fa', 'آیداهو', 22),
(2295, 'fa', 'ایلینویز', 23),
(2296, 'fa', 'ایندیانا', 24),
(2297, 'fa', 'آیووا', 25),
(2298, 'fa', 'کانزاس', 26),
(2299, 'fa', 'کنتاکی', 27),
(2300, 'fa', 'لوئیزیانا', 28),
(2301, 'fa', 'ماین', 29),
(2302, 'fa', 'مای', 30),
(2303, 'fa', 'مریلند', 31),
(2304, 'fa', ' ', 32),
(2305, 'fa', 'میشیگان', 33),
(2306, 'fa', 'مینه سوتا', 34),
(2307, 'fa', 'می سی سی پی', 35),
(2308, 'fa', 'میسوری', 36),
(2309, 'fa', 'مونتانا', 37),
(2310, 'fa', 'نبراسکا', 38),
(2311, 'fa', 'نواد', 39),
(2312, 'fa', 'نیوهمپشایر', 40),
(2313, 'fa', 'نیوجرسی', 41),
(2314, 'fa', 'نیومکزیکو', 42),
(2315, 'fa', 'نیویورک', 43),
(2316, 'fa', 'کارولینای شمالی', 44),
(2317, 'fa', 'داکوتای شمالی', 45),
(2318, 'fa', 'جزایر ماریانای شمالی', 46),
(2319, 'fa', 'اوهایو', 47),
(2320, 'fa', 'اوکلاهما', 48),
(2321, 'fa', 'اورگان', 49),
(2322, 'fa', 'پالائو', 50),
(2323, 'fa', 'پنسیلوانیا', 51),
(2324, 'fa', 'پورتوریکو', 52),
(2325, 'fa', 'رود آیلند', 53),
(2326, 'fa', 'کارولینای جنوبی', 54),
(2327, 'fa', 'داکوتای جنوبی', 55),
(2328, 'fa', 'تنسی', 56),
(2329, 'fa', 'تگزاس', 57),
(2330, 'fa', 'یوتا', 58),
(2331, 'fa', 'ورمونت', 59),
(2332, 'fa', 'جزایر ویرجین', 60),
(2333, 'fa', 'ویرجینیا', 61),
(2334, 'fa', 'واشنگتن', 62),
(2335, 'fa', 'ویرجینیای غربی', 63),
(2336, 'fa', 'ویسکانسین', 64),
(2337, 'fa', 'وایومینگ', 65),
(2338, 'fa', 'آلبرتا', 66),
(2339, 'fa', 'بریتیش کلمبیا', 67),
(2340, 'fa', 'مانیتوبا', 68),
(2341, 'fa', 'نیوفاندلند و لابرادور', 69),
(2342, 'fa', 'نیوبرانزویک', 70),
(2343, 'fa', 'نوا اسکوشیا', 71),
(2344, 'fa', 'سرزمینهای شمال غربی', 72),
(2345, 'fa', 'نوناووت', 73),
(2346, 'fa', 'انتاریو', 74),
(2347, 'fa', 'جزیره پرنس ادوارد', 75),
(2348, 'fa', 'کبک', 76),
(2349, 'fa', 'ساسکاتچوان', 77),
(2350, 'fa', 'قلمرو یوکان', 78),
(2351, 'fa', 'نیدرزاکسن', 79),
(2352, 'fa', 'بادن-وورتمبرگ', 80),
(2353, 'fa', 'بایرن', 81),
(2354, 'fa', 'برلین', 82),
(2355, 'fa', 'براندنبورگ', 83),
(2356, 'fa', 'برمن', 84),
(2357, 'fa', 'هامبور', 85),
(2358, 'fa', 'هسن', 86),
(2359, 'fa', 'مکلنبورگ-وورپومرن', 87),
(2360, 'fa', 'نوردراین-وستفالن', 88),
(2361, 'fa', 'راینلاند-پلاتینات', 89),
(2362, 'fa', 'سارلند', 90),
(2363, 'fa', 'ساچسن', 91),
(2364, 'fa', 'ساچسن-آنهالت', 92),
(2365, 'fa', 'شلسویگ-هولشتاین', 93),
(2366, 'fa', 'تورینگی', 94),
(2367, 'fa', 'وین', 95),
(2368, 'fa', 'اتریش پایین', 96),
(2369, 'fa', 'اتریش فوقانی', 97),
(2370, 'fa', 'سالزبورگ', 98),
(2371, 'fa', 'کارنتا', 99),
(2372, 'fa', 'Steiermar', 100),
(2373, 'fa', 'تیرول', 101),
(2374, 'fa', 'بورگنلن', 102),
(2375, 'fa', 'Vorarlber', 103),
(2376, 'fa', 'آرگ', 104),
(2377, 'fa', '', 105),
(2378, 'fa', 'اپنزلسرهودن', 106),
(2379, 'fa', 'بر', 107),
(2380, 'fa', 'بازل-لندشفت', 108),
(2381, 'fa', 'بازل استاد', 109),
(2382, 'fa', 'فرایبورگ', 110),
(2383, 'fa', 'گنف', 111),
(2384, 'fa', 'گلاروس', 112),
(2385, 'fa', 'Graubünde', 113),
(2386, 'fa', 'ژورا', 114),
(2387, 'fa', 'لوزرن', 115),
(2388, 'fa', 'نوینبور', 116),
(2389, 'fa', 'نیدالد', 117),
(2390, 'fa', 'اوبولدن', 118),
(2391, 'fa', 'سنت گالن', 119),
(2392, 'fa', 'شافهاوز', 120),
(2393, 'fa', 'سولوتور', 121),
(2394, 'fa', 'شووی', 122),
(2395, 'fa', 'تورگاو', 123),
(2396, 'fa', 'تسسی', 124),
(2397, 'fa', 'اوری', 125),
(2398, 'fa', 'وادت', 126),
(2399, 'fa', 'والی', 127),
(2400, 'fa', 'ز', 128),
(2401, 'fa', 'زوریخ', 129),
(2402, 'fa', 'کورونا', 130),
(2403, 'fa', 'آلاوا', 131),
(2404, 'fa', 'آلبوم', 132),
(2405, 'fa', 'آلیکانت', 133),
(2406, 'fa', 'آلمریا', 134),
(2407, 'fa', 'آستوریا', 135),
(2408, 'fa', 'آویلا', 136),
(2409, 'fa', 'باداژوز', 137),
(2410, 'fa', 'ضرب و شتم', 138),
(2411, 'fa', 'بارسلون', 139),
(2412, 'fa', 'بورگو', 140),
(2413, 'fa', 'کاسر', 141),
(2414, 'fa', 'کادی', 142),
(2415, 'fa', 'کانتابریا', 143),
(2416, 'fa', 'کاستلون', 144),
(2417, 'fa', 'سوت', 145),
(2418, 'fa', 'سیوداد واقعی', 146),
(2419, 'fa', 'کوردوب', 147),
(2420, 'fa', 'Cuenc', 148),
(2421, 'fa', 'جیرون', 149),
(2422, 'fa', 'گراناد', 150),
(2423, 'fa', 'گوادالاجار', 151),
(2424, 'fa', 'Guipuzcoa', 152),
(2425, 'fa', 'هولوا', 153),
(2426, 'fa', 'هوسک', 154),
(2427, 'fa', 'جی', 155),
(2428, 'fa', 'لا ریوجا', 156),
(2429, 'fa', 'لاس پالماس', 157),
(2430, 'fa', 'لئو', 158),
(2431, 'fa', 'Lleid', 159),
(2432, 'fa', 'لوگ', 160),
(2433, 'fa', 'مادری', 161),
(2434, 'fa', 'مالاگ', 162),
(2435, 'fa', 'ملیلی', 163),
(2436, 'fa', 'مورسیا', 164),
(2437, 'fa', 'ناوار', 165),
(2438, 'fa', 'اورنس', 166),
(2439, 'fa', 'پالنسی', 167),
(2440, 'fa', 'پونتوودر', 168),
(2441, 'fa', 'سالامانک', 169),
(2442, 'fa', 'سانتا کروز د تنریفه', 170),
(2443, 'fa', 'سوگویا', 171),
(2444, 'fa', 'سوی', 172),
(2445, 'fa', 'سوریا', 173),
(2446, 'fa', 'تاراگونا', 174),
(2447, 'fa', 'ترئو', 175),
(2448, 'fa', 'تولدو', 176),
(2449, 'fa', 'والنسیا', 177),
(2450, 'fa', 'والادولی', 178),
(2451, 'fa', 'ویزکایا', 179),
(2452, 'fa', 'زامور', 180),
(2453, 'fa', 'ساراگوز', 181),
(2454, 'fa', 'عی', 182),
(2455, 'fa', 'آیز', 183),
(2456, 'fa', 'آلی', 184),
(2457, 'fa', 'آلپ-دو-هاوت-پرووانس', 185),
(2458, 'fa', 'هاوتس آلپ', 186),
(2459, 'fa', 'Alpes-Maritime', 187),
(2460, 'fa', 'اردچه', 188),
(2461, 'fa', 'آرد', 189),
(2462, 'fa', 'محاصر', 190),
(2463, 'fa', 'آبه', 191),
(2464, 'fa', 'Aud', 192),
(2465, 'fa', 'آویرون', 193),
(2466, 'fa', 'BOCAS DO Rhône', 194),
(2467, 'fa', 'نوعی عرق', 195),
(2468, 'fa', 'کانتینال', 196),
(2469, 'fa', 'چارنت', 197),
(2470, 'fa', 'چارنت-دریایی', 198),
(2471, 'fa', 'چ', 199),
(2472, 'fa', 'کور', 200),
(2473, 'fa', 'کرس دو ساد', 201),
(2474, 'fa', 'هاوت کورس', 202),
(2475, 'fa', 'کوستا دورکرز', 203),
(2476, 'fa', 'تخت دارمور', 204),
(2477, 'fa', 'درهم', 205),
(2478, 'fa', 'دوردگن', 206),
(2479, 'fa', 'دوب', 207),
(2480, 'fa', 'تعریف اول', 208),
(2481, 'fa', 'یور', 209),
(2482, 'fa', 'Eure-et-Loi', 210),
(2483, 'fa', 'فمینیست', 211),
(2484, 'fa', 'باغ', 212),
(2485, 'fa', 'اوت-گارون', 213),
(2486, 'fa', 'گر', 214),
(2487, 'fa', 'جیروند', 215),
(2488, 'fa', 'هیر', 216),
(2489, 'fa', 'هشدار داده می شود', 217),
(2490, 'fa', 'ایندور', 218),
(2491, 'fa', 'Indre-et-Loir', 219),
(2492, 'fa', 'ایزر', 220),
(2493, 'fa', 'یور', 221),
(2494, 'fa', 'لندز', 222),
(2495, 'fa', 'Loir-et-Che', 223),
(2496, 'fa', 'وام گرفتن', 224),
(2497, 'fa', 'Haute-Loir', 225),
(2498, 'fa', 'Loire-Atlantiqu', 226),
(2499, 'fa', 'لیرت', 227),
(2500, 'fa', 'لوط', 228),
(2501, 'fa', 'لوت و گارون', 229),
(2502, 'fa', 'لوزر', 230),
(2503, 'fa', 'ماین et-Loire', 231),
(2504, 'fa', 'مانچ', 232),
(2505, 'fa', 'مارن', 233),
(2506, 'fa', 'هاوت-مارن', 234),
(2507, 'fa', 'مایین', 235),
(2508, 'fa', 'مورته-et-Moselle', 236),
(2509, 'fa', 'مسخره کردن', 237),
(2510, 'fa', 'موربیان', 238),
(2511, 'fa', 'موزل', 239),
(2512, 'fa', 'Nièvr', 240),
(2513, 'fa', 'نورد', 241),
(2514, 'fa', 'اوی', 242),
(2515, 'fa', 'ارن', 243),
(2516, 'fa', 'پاس-کاله', 244),
(2517, 'fa', 'Puy-de-Dôm', 245),
(2518, 'fa', 'Pyrénées-Atlantiques', 246),
(2519, 'fa', 'Hautes-Pyrénée', 247),
(2520, 'fa', 'Pyrénées-Orientales', 248),
(2521, 'fa', 'بس راین', 249),
(2522, 'fa', 'هاوت-رین', 250),
(2523, 'fa', 'رو', 251),
(2524, 'fa', 'Haute-Saône', 252),
(2525, 'fa', 'Saône-et-Loire', 253),
(2526, 'fa', 'سارته', 254),
(2527, 'fa', 'ساووی', 255),
(2528, 'fa', 'هاو-ساووی', 256),
(2529, 'fa', 'پاری', 257),
(2530, 'fa', 'Seine-Maritime', 258),
(2531, 'fa', 'Seine-et-Marn', 259),
(2532, 'fa', 'ایولینز', 260),
(2533, 'fa', 'Deux-Sèvres', 261),
(2534, 'fa', 'سمی', 262),
(2535, 'fa', 'ضعف', 263),
(2536, 'fa', 'Tarn-et-Garonne', 264),
(2537, 'fa', 'وار', 265),
(2538, 'fa', 'ووکلوز', 266),
(2539, 'fa', 'وندیه', 267),
(2540, 'fa', 'وین', 268),
(2541, 'fa', 'هاوت-وین', 269),
(2542, 'fa', 'رأی دادن', 270),
(2543, 'fa', 'یون', 271),
(2544, 'fa', 'سرزمین-دو-بلفورت', 272),
(2545, 'fa', 'اسون', 273),
(2546, 'fa', 'هاوتز دی سی', 274),
(2547, 'fa', 'Seine-Saint-Deni', 275),
(2548, 'fa', 'والد مارن', 276),
(2549, 'fa', 'Val-d\'Ois', 277),
(2550, 'fa', 'آلبا', 278),
(2551, 'fa', 'آرا', 279),
(2552, 'fa', 'Argeș', 280),
(2553, 'fa', 'باکو', 281),
(2554, 'fa', 'بیهور', 282),
(2555, 'fa', 'بیستریا-نسوود', 283),
(2556, 'fa', 'بوتانی', 284),
(2557, 'fa', 'برازوف', 285),
(2558, 'fa', 'Brăila', 286),
(2559, 'fa', 'București', 287),
(2560, 'fa', 'بوز', 288),
(2561, 'fa', 'کارا- Severin', 289),
(2562, 'fa', 'کالیراسی', 290),
(2563, 'fa', 'كلوژ', 291),
(2564, 'fa', 'کنستانس', 292),
(2565, 'fa', 'کواسنا', 293),
(2566, 'fa', 'Dâmbovița', 294),
(2567, 'fa', 'دال', 295),
(2568, 'fa', 'گالشی', 296),
(2569, 'fa', 'جورجیو', 297),
(2570, 'fa', 'گور', 298),
(2571, 'fa', 'هارگیتا', 299),
(2572, 'fa', 'هوندهار', 300),
(2573, 'fa', 'ایالومیشا', 301),
(2574, 'fa', 'Iași', 302),
(2575, 'fa', 'Ilfo', 303),
(2576, 'fa', 'Maramureș', 304),
(2577, 'fa', 'Mehedinți', 305),
(2578, 'fa', 'Mureș', 306),
(2579, 'fa', 'Neamț', 307),
(2580, 'fa', 'اولت', 308),
(2581, 'fa', 'پرهوا', 309),
(2582, 'fa', 'ستو ماره', 310),
(2583, 'fa', 'سلاج', 311),
(2584, 'fa', 'سیبیو', 312),
(2585, 'fa', 'سوساو', 313),
(2586, 'fa', 'تلورمان', 314),
(2587, 'fa', 'تیمیچ', 315),
(2588, 'fa', 'تولسا', 316),
(2589, 'fa', 'واسلوئی', 317),
(2590, 'fa', 'Vâlcea', 318),
(2591, 'fa', 'ورانسا', 319),
(2592, 'fa', 'لاپی', 320),
(2593, 'fa', 'Pohjois-Pohjanmaa', 321),
(2594, 'fa', 'کائینو', 322),
(2595, 'fa', 'Pohjois-Karjala', 323),
(2596, 'fa', 'Pohjois-Savo', 324),
(2597, 'fa', 'اتل-ساوو', 325),
(2598, 'fa', 'کسکی-پوهانما', 326),
(2599, 'fa', 'Pohjanmaa', 327),
(2600, 'fa', 'پیرکانما', 328),
(2601, 'fa', 'ساتاکونتا', 329),
(2602, 'fa', 'کسکی-پوهانما', 330),
(2603, 'fa', 'کسکی-سوومی', 331),
(2604, 'fa', 'Varsinais-Suomi', 332),
(2605, 'fa', 'اتلی کرجالا', 333),
(2606, 'fa', 'Päijät-HAM', 334),
(2607, 'fa', 'کانتا-هوم', 335),
(2608, 'fa', 'یوسیما', 336),
(2609, 'fa', 'اوسیم', 337),
(2610, 'fa', 'کیمنلاکو', 338),
(2611, 'fa', 'آونوانما', 339),
(2612, 'fa', 'هارژوم', 340),
(2613, 'fa', 'سلا', 341),
(2614, 'fa', 'آیدا-ویروما', 342),
(2615, 'fa', 'Jõgevamaa', 343),
(2616, 'fa', 'جوروماا', 344),
(2617, 'fa', 'لونما', 345),
(2618, 'fa', 'لون-ویروما', 346),
(2619, 'fa', 'پالوماا', 347),
(2620, 'fa', 'پورنوما', 348),
(2621, 'fa', 'Raplama', 349),
(2622, 'fa', 'ساارما', 350),
(2623, 'fa', 'تارتوما', 351),
(2624, 'fa', 'والگام', 352),
(2625, 'fa', 'ویلجاندیم', 353),
(2626, 'fa', 'Võrumaa', 354),
(2627, 'fa', 'داگاوپیل', 355),
(2628, 'fa', 'جلگاو', 356),
(2629, 'fa', 'جکابیل', 357),
(2630, 'fa', 'جرمل', 358),
(2631, 'fa', 'لیپجا', 359),
(2632, 'fa', 'شهرستان لیپاج', 360),
(2633, 'fa', 'روژن', 361),
(2634, 'fa', 'راگ', 362),
(2635, 'fa', 'شهرستان ریگ', 363),
(2636, 'fa', 'والمییرا', 364),
(2637, 'fa', 'Ventspils', 365),
(2638, 'fa', 'آگلوناس نوادا', 366),
(2639, 'fa', 'تازه کاران آیزکرایکلس', 367),
(2640, 'fa', 'تازه واردان', 368),
(2641, 'fa', 'شهرستا', 369),
(2642, 'fa', 'نوازندگان آلوجاس', 370),
(2643, 'fa', 'تازه های آلسونگاس', 371),
(2644, 'fa', 'شهرستان آلوکس', 372),
(2645, 'fa', 'تازه کاران آماتاس', 373),
(2646, 'fa', 'میمون های تازه', 374),
(2647, 'fa', 'نوادا را آویز می کند', 375),
(2648, 'fa', 'شهرستان بابی', 376),
(2649, 'fa', 'Baldones novad', 377),
(2650, 'fa', 'نوین های بالتیناوا', 378),
(2651, 'fa', 'Balvu novad', 379),
(2652, 'fa', 'نوازندگان باسکاس', 380),
(2653, 'fa', 'شهرستان بورین', 381),
(2654, 'fa', 'شهرستان بروچن', 382),
(2655, 'fa', 'بوردنیکو نوآوران', 383),
(2656, 'fa', 'تازه کارنیکاوا', 384),
(2657, 'fa', 'نوازان سزوینس', 385),
(2658, 'fa', 'نوادگان Cibla', 386),
(2659, 'fa', 'شهرستان Cesis', 387),
(2660, 'fa', 'تازه های داگدا', 388),
(2661, 'fa', 'داوگاوپیلز نوادا', 389),
(2662, 'fa', 'دابل نوادی', 390),
(2663, 'fa', 'تازه کارهای دنداگاس', 391),
(2664, 'fa', 'نوباد دوربس', 392),
(2665, 'fa', 'مشغول تازه کارها است', 393),
(2666, 'fa', 'گرکالنس نواد', 394),
(2667, 'fa', 'یا شهرستان گروبی', 395),
(2668, 'fa', 'تازه های گلبنس', 396),
(2669, 'fa', 'Iecavas novads', 397),
(2670, 'fa', 'شهرستان ایسکل', 398),
(2671, 'fa', 'ایالت ایلکست', 399),
(2672, 'fa', 'کنددو د اینچوکالن', 400),
(2673, 'fa', 'نوجواد Jaunjelgavas', 401),
(2674, 'fa', 'تازه های Jaunpiebalgas', 402),
(2675, 'fa', 'شهرستان جونپیلس', 403),
(2676, 'fa', 'شهرستان جگلو', 404),
(2677, 'fa', 'شهرستان جکابیل', 405),
(2678, 'fa', 'شهرستان کنداوا', 406),
(2679, 'fa', 'شهرستان کوکنز', 407),
(2680, 'fa', 'شهرستان کریمولد', 408),
(2681, 'fa', 'شهرستان کرستپیل', 409),
(2682, 'fa', 'شهرستان کراسلاو', 410),
(2683, 'fa', 'کاندادو د کلدیگا', 411),
(2684, 'fa', 'کاندادو د کارساوا', 412),
(2685, 'fa', 'شهرستان لیولوارد', 413),
(2686, 'fa', 'شهرستان لیمباشی', 414),
(2687, 'fa', 'ای ولسوالی لوبون', 415),
(2688, 'fa', 'شهرستان لودزا', 416),
(2689, 'fa', 'شهرستان لیگات', 417),
(2690, 'fa', 'شهرستان لیوانی', 418),
(2691, 'fa', 'شهرستان مادونا', 419),
(2692, 'fa', 'شهرستان مازسال', 420),
(2693, 'fa', 'شهرستان مالپیلس', 421),
(2694, 'fa', 'شهرستان Mārupe', 422),
(2695, 'fa', 'ا کنددو د نوکشنی', 423),
(2696, 'fa', 'کاملاً یک شهرستان', 424),
(2697, 'fa', 'شهرستان نیکا', 425),
(2698, 'fa', 'شهرستان اوگر', 426),
(2699, 'fa', 'شهرستان اولین', 427),
(2700, 'fa', 'شهرستان اوزولنیکی', 428),
(2701, 'fa', 'شهرستان پرلیلی', 429),
(2702, 'fa', 'شهرستان Priekule', 430),
(2703, 'fa', 'Condado de Priekuļi', 431),
(2704, 'fa', 'شهرستان در حال حرکت', 432),
(2705, 'fa', 'شهرستان پاویلوستا', 433),
(2706, 'fa', 'شهرستان Plavinas', 4),
(2707, 'fa', 'شهرستان راونا', 435),
(2708, 'fa', 'شهرستان ریبیشی', 436),
(2709, 'fa', 'شهرستان روجا', 437),
(2710, 'fa', 'شهرستان روپازی', 438),
(2711, 'fa', 'شهرستان روساوا', 439),
(2712, 'fa', 'شهرستان روگی', 440),
(2713, 'fa', 'شهرستان راندل', 441),
(2714, 'fa', 'شهرستان ریزکن', 442),
(2715, 'fa', 'شهرستان روژینا', 443),
(2716, 'fa', 'شهرداری Salacgriva', 444),
(2717, 'fa', 'منطقه جزیره', 445),
(2718, 'fa', 'شهرستان Salaspils', 446),
(2719, 'fa', 'شهرستان سالدوس', 447),
(2720, 'fa', 'شهرستان ساولکرستی', 448),
(2721, 'fa', 'شهرستان سیگولدا', 449),
(2722, 'fa', 'شهرستان Skrunda', 450),
(2723, 'fa', 'شهرستان Skrīveri', 451),
(2724, 'fa', 'شهرستان Smiltene', 452),
(2725, 'fa', 'شهرستان ایستینی', 453),
(2726, 'fa', 'شهرستان استرنشی', 454),
(2727, 'fa', 'منطقه کاشت', 455),
(2728, 'fa', 'شهرستان تالسی', 456),
(2729, 'fa', 'توکومس', 457),
(2730, 'fa', 'شهرستان تورت', 458),
(2731, 'fa', 'یا شهرستان وایودود', 459),
(2732, 'fa', 'شهرستان والکا', 460),
(2733, 'fa', 'شهرستان Valmiera', 461),
(2734, 'fa', 'شهرستان وارکانی', 462),
(2735, 'fa', 'شهرستان Vecpiebalga', 463),
(2736, 'fa', 'شهرستان وکومنیکی', 464),
(2737, 'fa', 'شهرستان ونتسپیل', 465),
(2738, 'fa', 'کنددو د بازدید', 466),
(2739, 'fa', 'شهرستان ویلاکا', 467),
(2740, 'fa', 'شهرستان ویلانی', 468),
(2741, 'fa', 'شهرستان واركاوا', 469),
(2742, 'fa', 'شهرستان زیلوپ', 470),
(2743, 'fa', 'شهرستان آدازی', 471),
(2744, 'fa', 'شهرستان ارگلو', 472),
(2745, 'fa', 'شهرستان کگومس', 473),
(2746, 'fa', 'شهرستان ککاوا', 474),
(2747, 'fa', 'شهرستان Alytus', 475),
(2748, 'fa', 'شهرستان Kaunas', 476),
(2749, 'fa', 'شهرستان کلایپدا', 477),
(2750, 'fa', 'شهرستان ماریجامپولی', 478),
(2751, 'fa', 'شهرستان پانویسیز', 479),
(2752, 'fa', 'شهرستان سیاولیا', 480),
(2753, 'fa', 'شهرستان تاجیج', 481),
(2754, 'fa', 'شهرستان تلشیا', 482),
(2755, 'fa', 'شهرستان اوتنا', 483),
(2756, 'fa', 'شهرستان ویلنیوس', 484),
(2757, 'fa', 'جریب', 485),
(2758, 'fa', 'حالت', 486),
(2759, 'fa', 'آمپá', 487),
(2760, 'fa', 'آمازون', 488),
(2761, 'fa', 'باهی', 489),
(2762, 'fa', 'سارا', 490),
(2763, 'fa', 'روح القدس', 491),
(2764, 'fa', 'برو', 492),
(2765, 'fa', 'مارانهائ', 493),
(2766, 'fa', 'ماتو گروسو', 494),
(2767, 'fa', 'Mato Grosso do Sul', 495),
(2768, 'fa', 'ایالت میناس گرایس', 496),
(2769, 'fa', 'پار', 497),
(2770, 'fa', 'حالت', 498),
(2771, 'fa', 'پارانا', 499),
(2772, 'fa', 'حال', 500),
(2773, 'fa', 'پیازو', 501),
(2774, 'fa', 'ریو دوژانیرو', 502),
(2775, 'fa', 'ریو گراند دو نورته', 503),
(2776, 'fa', 'ریو گراند دو سول', 504),
(2777, 'fa', 'Rondôni', 505),
(2778, 'fa', 'Roraim', 506),
(2779, 'fa', 'سانتا کاتارینا', 507),
(2780, 'fa', 'پ', 508),
(2781, 'fa', 'Sergip', 509),
(2782, 'fa', 'توکانتین', 510),
(2783, 'fa', 'منطقه فدرال', 511),
(2784, 'fa', 'شهرستان زاگرب', 512),
(2785, 'fa', 'Condado de Krapina-Zagorj', 513),
(2786, 'fa', 'شهرستان سیساک-موسلاوینا', 514),
(2787, 'fa', 'شهرستان کارلوواک', 515),
(2788, 'fa', 'شهرداری واراžدین', 516),
(2789, 'fa', 'Condo de Koprivnica-Križevci', 517),
(2790, 'fa', 'محل سکونت د بیلوار-بلوگورا', 518),
(2791, 'fa', 'Condado de Primorje-Gorski kotar', 519),
(2792, 'fa', 'شهرستان لیکا-سنج', 520),
(2793, 'fa', 'Condado de Virovitica-Podravina', 521),
(2794, 'fa', 'شهرستان پوژگا-اسلاونیا', 522),
(2795, 'fa', 'Condado de Brod-Posavina', 523),
(2796, 'fa', 'شهرستان زجر', 524),
(2797, 'fa', 'Condado de Osijek-Baranja', 525),
(2798, 'fa', 'Condo de Sibenik-Knin', 526),
(2799, 'fa', 'Condado de Vukovar-Srijem', 527),
(2800, 'fa', 'شهرستان اسپلیت-Dalmatia', 528),
(2801, 'fa', 'شهرستان ایستیا', 529),
(2802, 'fa', 'Condado de Dubrovnik-Neretva', 530),
(2803, 'fa', 'شهرستان Međimurje', 531),
(2804, 'fa', 'شهر زاگرب', 532),
(2805, 'fa', 'جزایر آندامان و نیکوبار', 533),
(2806, 'fa', 'آندرا پرادش', 534),
(2807, 'fa', 'آروناچال پرادش', 535),
(2808, 'fa', 'آسام', 536),
(2809, 'fa', 'Biha', 537),
(2810, 'fa', 'چاندیگار', 538),
(2811, 'fa', 'چاتیسگار', 539),
(2812, 'fa', 'دادرا و نگار هاولی', 540),
(2813, 'fa', 'دامان و دیو', 541),
(2814, 'fa', 'دهلی', 542),
(2815, 'fa', 'گوا', 543),
(2816, 'fa', 'گجرات', 544),
(2817, 'fa', 'هاریانا', 545),
(2818, 'fa', 'هیماچال پرادش', 546),
(2819, 'fa', 'جامو و کشمیر', 547),
(2820, 'fa', 'جهخند', 548),
(2821, 'fa', 'کارناتاکا', 549),
(2822, 'fa', 'کرال', 550),
(2823, 'fa', 'لاکشادوپ', 551),
(2824, 'fa', 'مادیا پرادش', 552),
(2825, 'fa', 'ماهاراشترا', 553),
(2826, 'fa', 'مانی پور', 554),
(2827, 'fa', 'مگالایا', 555),
(2828, 'fa', 'مزورام', 556),
(2829, 'fa', 'ناگلند', 557),
(2830, 'fa', 'ادیشا', 558),
(2831, 'fa', 'میناکاری', 559),
(2832, 'fa', 'پنجا', 560),
(2833, 'fa', 'راجستان', 561),
(2834, 'fa', 'سیکیم', 562),
(2835, 'fa', 'تامیل نادو', 563),
(2836, 'fa', 'تلنگانا', 564),
(2837, 'fa', 'تریپورا', 565),
(2838, 'fa', 'اوتار پرادش', 566),
(2839, 'fa', 'اوتاراکند', 567),
(2840, 'fa', 'بنگال غرب', 568),
(2841, 'pt_BR', 'Alabama', 1),
(2842, 'pt_BR', 'Alaska', 2),
(2843, 'pt_BR', 'Samoa Americana', 3),
(2844, 'pt_BR', 'Arizona', 4),
(2845, 'pt_BR', 'Arkansas', 5),
(2846, 'pt_BR', 'Forças Armadas da África', 6),
(2847, 'pt_BR', 'Forças Armadas das Américas', 7),
(2848, 'pt_BR', 'Forças Armadas do Canadá', 8),
(2849, 'pt_BR', 'Forças Armadas da Europa', 9),
(2850, 'pt_BR', 'Forças Armadas do Oriente Médio', 10),
(2851, 'pt_BR', 'Forças Armadas do Pacífico', 11),
(2852, 'pt_BR', 'California', 12),
(2853, 'pt_BR', 'Colorado', 13),
(2854, 'pt_BR', 'Connecticut', 14),
(2855, 'pt_BR', 'Delaware', 15),
(2856, 'pt_BR', 'Distrito de Columbia', 16),
(2857, 'pt_BR', 'Estados Federados da Micronésia', 17),
(2858, 'pt_BR', 'Florida', 18),
(2859, 'pt_BR', 'Geórgia', 19),
(2860, 'pt_BR', 'Guam', 20),
(2861, 'pt_BR', 'Havaí', 21),
(2862, 'pt_BR', 'Idaho', 22),
(2863, 'pt_BR', 'Illinois', 23),
(2864, 'pt_BR', 'Indiana', 24),
(2865, 'pt_BR', 'Iowa', 25),
(2866, 'pt_BR', 'Kansas', 26),
(2867, 'pt_BR', 'Kentucky', 27),
(2868, 'pt_BR', 'Louisiana', 28),
(2869, 'pt_BR', 'Maine', 29),
(2870, 'pt_BR', 'Ilhas Marshall', 30),
(2871, 'pt_BR', 'Maryland', 31),
(2872, 'pt_BR', 'Massachusetts', 32),
(2873, 'pt_BR', 'Michigan', 33),
(2874, 'pt_BR', 'Minnesota', 34),
(2875, 'pt_BR', 'Mississippi', 35),
(2876, 'pt_BR', 'Missouri', 36),
(2877, 'pt_BR', 'Montana', 37),
(2878, 'pt_BR', 'Nebraska', 38),
(2879, 'pt_BR', 'Nevada', 39),
(2880, 'pt_BR', 'New Hampshire', 40),
(2881, 'pt_BR', 'Nova Jersey', 41),
(2882, 'pt_BR', 'Novo México', 42),
(2883, 'pt_BR', 'Nova York', 43),
(2884, 'pt_BR', 'Carolina do Norte', 44),
(2885, 'pt_BR', 'Dakota do Norte', 45),
(2886, 'pt_BR', 'Ilhas Marianas do Norte', 46),
(2887, 'pt_BR', 'Ohio', 47),
(2888, 'pt_BR', 'Oklahoma', 48),
(2889, 'pt_BR', 'Oregon', 4),
(2890, 'pt_BR', 'Palau', 50),
(2891, 'pt_BR', 'Pensilvânia', 51),
(2892, 'pt_BR', 'Porto Rico', 52),
(2893, 'pt_BR', 'Rhode Island', 53),
(2894, 'pt_BR', 'Carolina do Sul', 54),
(2895, 'pt_BR', 'Dakota do Sul', 55),
(2896, 'pt_BR', 'Tennessee', 56),
(2897, 'pt_BR', 'Texas', 57),
(2898, 'pt_BR', 'Utah', 58),
(2899, 'pt_BR', 'Vermont', 59),
(2900, 'pt_BR', 'Ilhas Virgens', 60),
(2901, 'pt_BR', 'Virginia', 61),
(2902, 'pt_BR', 'Washington', 62),
(2903, 'pt_BR', 'West Virginia', 63),
(2904, 'pt_BR', 'Wisconsin', 64),
(2905, 'pt_BR', 'Wyoming', 65),
(2906, 'pt_BR', 'Alberta', 66),
(2907, 'pt_BR', 'Colúmbia Britânica', 67),
(2908, 'pt_BR', 'Manitoba', 68),
(2909, 'pt_BR', 'Terra Nova e Labrador', 69),
(2910, 'pt_BR', 'New Brunswick', 70),
(2911, 'pt_BR', 'Nova Escócia', 7),
(2912, 'pt_BR', 'Territórios do Noroeste', 72),
(2913, 'pt_BR', 'Nunavut', 73),
(2914, 'pt_BR', 'Ontario', 74),
(2915, 'pt_BR', 'Ilha do Príncipe Eduardo', 75),
(2916, 'pt_BR', 'Quebec', 76),
(2917, 'pt_BR', 'Saskatchewan', 77),
(2918, 'pt_BR', 'Território yukon', 78),
(2919, 'pt_BR', 'Niedersachsen', 79),
(2920, 'pt_BR', 'Baden-Wurttemberg', 80),
(2921, 'pt_BR', 'Bayern', 81),
(2922, 'pt_BR', 'Berlim', 82),
(2923, 'pt_BR', 'Brandenburg', 83),
(2924, 'pt_BR', 'Bremen', 84),
(2925, 'pt_BR', 'Hamburgo', 85),
(2926, 'pt_BR', 'Hessen', 86),
(2927, 'pt_BR', 'Mecklenburg-Vorpommern', 87),
(2928, 'pt_BR', 'Nordrhein-Westfalen', 88),
(2929, 'pt_BR', 'Renânia-Palatinado', 8),
(2930, 'pt_BR', 'Sarre', 90),
(2931, 'pt_BR', 'Sachsen', 91),
(2932, 'pt_BR', 'Sachsen-Anhalt', 92),
(2933, 'pt_BR', 'Schleswig-Holstein', 93),
(2934, 'pt_BR', 'Turíngia', 94),
(2935, 'pt_BR', 'Viena', 95),
(2936, 'pt_BR', 'Baixa Áustria', 96),
(2937, 'pt_BR', 'Oberösterreich', 97),
(2938, 'pt_BR', 'Salzburg', 98),
(2939, 'pt_BR', 'Caríntia', 99),
(2940, 'pt_BR', 'Steiermark', 100),
(2941, 'pt_BR', 'Tirol', 101),
(2942, 'pt_BR', 'Burgenland', 102),
(2943, 'pt_BR', 'Vorarlberg', 103),
(2944, 'pt_BR', 'Aargau', 104),
(2945, 'pt_BR', 'Appenzell Innerrhoden', 105),
(2946, 'pt_BR', 'Appenzell Ausserrhoden', 106),
(2947, 'pt_BR', 'Bern', 107),
(2948, 'pt_BR', 'Basel-Landschaft', 108),
(2949, 'pt_BR', 'Basel-Stadt', 109),
(2950, 'pt_BR', 'Freiburg', 110),
(2951, 'pt_BR', 'Genf', 111),
(2952, 'pt_BR', 'Glarus', 112),
(2953, 'pt_BR', 'Grisons', 113),
(2954, 'pt_BR', 'Jura', 114),
(2955, 'pt_BR', 'Luzern', 115),
(2956, 'pt_BR', 'Neuenburg', 116),
(2957, 'pt_BR', 'Nidwalden', 117),
(2958, 'pt_BR', 'Obwalden', 118),
(2959, 'pt_BR', 'St. Gallen', 119),
(2960, 'pt_BR', 'Schaffhausen', 120),
(2961, 'pt_BR', 'Solothurn', 121),
(2962, 'pt_BR', 'Schwyz', 122),
(2963, 'pt_BR', 'Thurgau', 123),
(2964, 'pt_BR', 'Tessin', 124),
(2965, 'pt_BR', 'Uri', 125),
(2966, 'pt_BR', 'Waadt', 126),
(2967, 'pt_BR', 'Wallis', 127),
(2968, 'pt_BR', 'Zug', 128),
(2969, 'pt_BR', 'Zurique', 129),
(2970, 'pt_BR', 'Corunha', 130),
(2971, 'pt_BR', 'Álava', 131),
(2972, 'pt_BR', 'Albacete', 132),
(2973, 'pt_BR', 'Alicante', 133),
(2974, 'pt_BR', 'Almeria', 134),
(2975, 'pt_BR', 'Astúrias', 135),
(2976, 'pt_BR', 'Avila', 136),
(2977, 'pt_BR', 'Badajoz', 137),
(2978, 'pt_BR', 'Baleares', 138),
(2979, 'pt_BR', 'Barcelona', 139),
(2980, 'pt_BR', 'Burgos', 140),
(2981, 'pt_BR', 'Caceres', 141),
(2982, 'pt_BR', 'Cadiz', 142),
(2983, 'pt_BR', 'Cantábria', 143),
(2984, 'pt_BR', 'Castellon', 144),
(2985, 'pt_BR', 'Ceuta', 145),
(2986, 'pt_BR', 'Ciudad Real', 146),
(2987, 'pt_BR', 'Cordoba', 147),
(2988, 'pt_BR', 'Cuenca', 148),
(2989, 'pt_BR', 'Girona', 149),
(2990, 'pt_BR', 'Granada', 150),
(2991, 'pt_BR', 'Guadalajara', 151),
(2992, 'pt_BR', 'Guipuzcoa', 152),
(2993, 'pt_BR', 'Huelva', 153),
(2994, 'pt_BR', 'Huesca', 154),
(2995, 'pt_BR', 'Jaen', 155),
(2996, 'pt_BR', 'La Rioja', 156),
(2997, 'pt_BR', 'Las Palmas', 157),
(2998, 'pt_BR', 'Leon', 158),
(2999, 'pt_BR', 'Lleida', 159),
(3000, 'pt_BR', 'Lugo', 160),
(3001, 'pt_BR', 'Madri', 161),
(3002, 'pt_BR', 'Málaga', 162),
(3003, 'pt_BR', 'Melilla', 163),
(3004, 'pt_BR', 'Murcia', 164),
(3005, 'pt_BR', 'Navarra', 165),
(3006, 'pt_BR', 'Ourense', 166),
(3007, 'pt_BR', 'Palencia', 167),
(3008, 'pt_BR', 'Pontevedra', 168),
(3009, 'pt_BR', 'Salamanca', 169),
(3010, 'pt_BR', 'Santa Cruz de Tenerife', 170),
(3011, 'pt_BR', 'Segovia', 171),
(3012, 'pt_BR', 'Sevilla', 172),
(3013, 'pt_BR', 'Soria', 173),
(3014, 'pt_BR', 'Tarragona', 174),
(3015, 'pt_BR', 'Teruel', 175),
(3016, 'pt_BR', 'Toledo', 176),
(3017, 'pt_BR', 'Valencia', 177),
(3018, 'pt_BR', 'Valladolid', 178),
(3019, 'pt_BR', 'Vizcaya', 179),
(3020, 'pt_BR', 'Zamora', 180),
(3021, 'pt_BR', 'Zaragoza', 181),
(3022, 'pt_BR', 'Ain', 182),
(3023, 'pt_BR', 'Aisne', 183),
(3024, 'pt_BR', 'Allier', 184),
(3025, 'pt_BR', 'Alpes da Alta Provença', 185),
(3026, 'pt_BR', 'Altos Alpes', 186),
(3027, 'pt_BR', 'Alpes-Maritimes', 187),
(3028, 'pt_BR', 'Ardèche', 188),
(3029, 'pt_BR', 'Ardennes', 189),
(3030, 'pt_BR', 'Ariege', 190),
(3031, 'pt_BR', 'Aube', 191),
(3032, 'pt_BR', 'Aude', 192),
(3033, 'pt_BR', 'Aveyron', 193),
(3034, 'pt_BR', 'BOCAS DO Rhône', 194),
(3035, 'pt_BR', 'Calvados', 195),
(3036, 'pt_BR', 'Cantal', 196),
(3037, 'pt_BR', 'Charente', 197),
(3038, 'pt_BR', 'Charente-Maritime', 198),
(3039, 'pt_BR', 'Cher', 199),
(3040, 'pt_BR', 'Corrèze', 200),
(3041, 'pt_BR', 'Corse-du-Sud', 201),
(3042, 'pt_BR', 'Alta Córsega', 202),
(3043, 'pt_BR', 'Costa d\'OrCorrèze', 203),
(3044, 'pt_BR', 'Cotes d\'Armor', 204),
(3045, 'pt_BR', 'Creuse', 205),
(3046, 'pt_BR', 'Dordogne', 206),
(3047, 'pt_BR', 'Doubs', 207),
(3048, 'pt_BR', 'DrômeFinistère', 208),
(3049, 'pt_BR', 'Eure', 209),
(3050, 'pt_BR', 'Eure-et-Loir', 210),
(3051, 'pt_BR', 'Finistère', 211),
(3052, 'pt_BR', 'Gard', 212),
(3053, 'pt_BR', 'Haute-Garonne', 213),
(3054, 'pt_BR', 'Gers', 214),
(3055, 'pt_BR', 'Gironde', 215),
(3056, 'pt_BR', 'Hérault', 216),
(3057, 'pt_BR', 'Ille-et-Vilaine', 217),
(3058, 'pt_BR', 'Indre', 218),
(3059, 'pt_BR', 'Indre-et-Loire', 219),
(3060, 'pt_BR', 'Isère', 220),
(3061, 'pt_BR', 'Jura', 221),
(3062, 'pt_BR', 'Landes', 222),
(3063, 'pt_BR', 'Loir-et-Cher', 223),
(3064, 'pt_BR', 'Loire', 224),
(3065, 'pt_BR', 'Haute-Loire', 22),
(3066, 'pt_BR', 'Loire-Atlantique', 226),
(3067, 'pt_BR', 'Loiret', 227),
(3068, 'pt_BR', 'Lot', 228),
(3069, 'pt_BR', 'Lot e Garona', 229),
(3070, 'pt_BR', 'Lozère', 230),
(3071, 'pt_BR', 'Maine-et-Loire', 231),
(3072, 'pt_BR', 'Manche', 232),
(3073, 'pt_BR', 'Marne', 233),
(3074, 'pt_BR', 'Haute-Marne', 234),
(3075, 'pt_BR', 'Mayenne', 235),
(3076, 'pt_BR', 'Meurthe-et-Moselle', 236),
(3077, 'pt_BR', 'Meuse', 237),
(3078, 'pt_BR', 'Morbihan', 238),
(3079, 'pt_BR', 'Moselle', 239),
(3080, 'pt_BR', 'Nièvre', 240),
(3081, 'pt_BR', 'Nord', 241),
(3082, 'pt_BR', 'Oise', 242),
(3083, 'pt_BR', 'Orne', 243),
(3084, 'pt_BR', 'Pas-de-Calais', 244),
(3085, 'pt_BR', 'Puy-de-Dôme', 24),
(3086, 'pt_BR', 'Pirineus Atlânticos', 246),
(3087, 'pt_BR', 'Hautes-Pyrénées', 247),
(3088, 'pt_BR', 'Pirineus Orientais', 248),
(3089, 'pt_BR', 'Bas-Rhin', 249),
(3090, 'pt_BR', 'Alto Reno', 250),
(3091, 'pt_BR', 'Rhône', 251),
(3092, 'pt_BR', 'Haute-Saône', 252),
(3093, 'pt_BR', 'Saône-et-Loire', 253),
(3094, 'pt_BR', 'Sarthe', 25),
(3095, 'pt_BR', 'Savoie', 255),
(3096, 'pt_BR', 'Alta Sabóia', 256),
(3097, 'pt_BR', 'Paris', 257),
(3098, 'pt_BR', 'Seine-Maritime', 258),
(3099, 'pt_BR', 'Seine-et-Marne', 259),
(3100, 'pt_BR', 'Yvelines', 260),
(3101, 'pt_BR', 'Deux-Sèvres', 261),
(3102, 'pt_BR', 'Somme', 262),
(3103, 'pt_BR', 'Tarn', 263),
(3104, 'pt_BR', 'Tarn-et-Garonne', 264),
(3105, 'pt_BR', 'Var', 265),
(3106, 'pt_BR', 'Vaucluse', 266),
(3107, 'pt_BR', 'Compradora', 267),
(3108, 'pt_BR', 'Vienne', 268),
(3109, 'pt_BR', 'Haute-Vienne', 269),
(3110, 'pt_BR', 'Vosges', 270),
(3111, 'pt_BR', 'Yonne', 271),
(3112, 'pt_BR', 'Território de Belfort', 272),
(3113, 'pt_BR', 'Essonne', 273),
(3114, 'pt_BR', 'Altos do Sena', 274),
(3115, 'pt_BR', 'Seine-Saint-Denis', 275),
(3116, 'pt_BR', 'Val-de-Marne', 276),
(3117, 'pt_BR', 'Val-d\'Oise', 277),
(3118, 'pt_BR', 'Alba', 278),
(3119, 'pt_BR', 'Arad', 279),
(3120, 'pt_BR', 'Arges', 280),
(3121, 'pt_BR', 'Bacau', 281),
(3122, 'pt_BR', 'Bihor', 282),
(3123, 'pt_BR', 'Bistrita-Nasaud', 283),
(3124, 'pt_BR', 'Botosani', 284),
(3125, 'pt_BR', 'Brașov', 285),
(3126, 'pt_BR', 'Braila', 286),
(3127, 'pt_BR', 'Bucareste', 287),
(3128, 'pt_BR', 'Buzau', 288),
(3129, 'pt_BR', 'Caras-Severin', 289),
(3130, 'pt_BR', 'Călărași', 290),
(3131, 'pt_BR', 'Cluj', 291),
(3132, 'pt_BR', 'Constanta', 292),
(3133, 'pt_BR', 'Covasna', 29),
(3134, 'pt_BR', 'Dambovita', 294),
(3135, 'pt_BR', 'Dolj', 295),
(3136, 'pt_BR', 'Galati', 296),
(3137, 'pt_BR', 'Giurgiu', 297),
(3138, 'pt_BR', 'Gorj', 298),
(3139, 'pt_BR', 'Harghita', 299),
(3140, 'pt_BR', 'Hunedoara', 300),
(3141, 'pt_BR', 'Ialomita', 301),
(3142, 'pt_BR', 'Iasi', 302),
(3143, 'pt_BR', 'Ilfov', 303),
(3144, 'pt_BR', 'Maramures', 304),
(3145, 'pt_BR', 'Maramures', 305),
(3146, 'pt_BR', 'Mures', 306),
(3147, 'pt_BR', 'alemão', 307),
(3148, 'pt_BR', 'Olt', 308),
(3149, 'pt_BR', 'Prahova', 309),
(3150, 'pt_BR', 'Satu-Mare', 310),
(3151, 'pt_BR', 'Salaj', 311),
(3152, 'pt_BR', 'Sibiu', 312),
(3153, 'pt_BR', 'Suceava', 313),
(3154, 'pt_BR', 'Teleorman', 314),
(3155, 'pt_BR', 'Timis', 315),
(3156, 'pt_BR', 'Tulcea', 316),
(3157, 'pt_BR', 'Vaslui', 317),
(3158, 'pt_BR', 'dale', 318),
(3159, 'pt_BR', 'Vrancea', 319),
(3160, 'pt_BR', 'Lappi', 320),
(3161, 'pt_BR', 'Pohjois-Pohjanmaa', 321),
(3162, 'pt_BR', 'Kainuu', 322),
(3163, 'pt_BR', 'Pohjois-Karjala', 323),
(3164, 'pt_BR', 'Pohjois-Savo', 324),
(3165, 'pt_BR', 'Sul Savo', 325),
(3166, 'pt_BR', 'Ostrobothnia do sul', 326),
(3167, 'pt_BR', 'Pohjanmaa', 327),
(3168, 'pt_BR', 'Pirkanmaa', 328),
(3169, 'pt_BR', 'Satakunta', 329),
(3170, 'pt_BR', 'Keski-Pohjanmaa', 330),
(3171, 'pt_BR', 'Keski-Suomi', 331),
(3172, 'pt_BR', 'Varsinais-Suomi', 332),
(3173, 'pt_BR', 'Carélia do Sul', 333),
(3174, 'pt_BR', 'Päijät-Häme', 334),
(3175, 'pt_BR', 'Kanta-Häme', 335),
(3176, 'pt_BR', 'Uusimaa', 336),
(3177, 'pt_BR', 'Uusimaa', 337),
(3178, 'pt_BR', 'Kymenlaakso', 338),
(3179, 'pt_BR', 'Ahvenanmaa', 339),
(3180, 'pt_BR', 'Harjumaa', 340),
(3181, 'pt_BR', 'Hiiumaa', 341),
(3182, 'pt_BR', 'Ida-Virumaa', 342),
(3183, 'pt_BR', 'Condado de Jõgeva', 343),
(3184, 'pt_BR', 'Condado de Järva', 344),
(3185, 'pt_BR', 'Läänemaa', 345),
(3186, 'pt_BR', 'Condado de Lääne-Viru', 346),
(3187, 'pt_BR', 'Condado de Põlva', 347),
(3188, 'pt_BR', 'Condado de Pärnu', 348),
(3189, 'pt_BR', 'Raplamaa', 349),
(3190, 'pt_BR', 'Saaremaa', 350),
(3191, 'pt_BR', 'Tartumaa', 351),
(3192, 'pt_BR', 'Valgamaa', 352),
(3193, 'pt_BR', 'Viljandimaa', 353),
(3194, 'pt_BR', 'Võrumaa', 354),
(3195, 'pt_BR', 'Daugavpils', 355),
(3196, 'pt_BR', 'Jelgava', 356),
(3197, 'pt_BR', 'Jekabpils', 357),
(3198, 'pt_BR', 'Jurmala', 358),
(3199, 'pt_BR', 'Liepaja', 359),
(3200, 'pt_BR', 'Liepaja County', 360),
(3201, 'pt_BR', 'Rezekne', 361),
(3202, 'pt_BR', 'Riga', 362),
(3203, 'pt_BR', 'Condado de Riga', 363),
(3204, 'pt_BR', 'Valmiera', 364),
(3205, 'pt_BR', 'Ventspils', 365),
(3206, 'pt_BR', 'Aglonas novads', 366),
(3207, 'pt_BR', 'Aizkraukles novads', 367),
(3208, 'pt_BR', 'Aizputes novads', 368),
(3209, 'pt_BR', 'Condado de Akniste', 369),
(3210, 'pt_BR', 'Alojas novads', 370),
(3211, 'pt_BR', 'Alsungas novads', 371),
(3212, 'pt_BR', 'Aluksne County', 372),
(3213, 'pt_BR', 'Amatas novads', 373),
(3214, 'pt_BR', 'Macacos novads', 374),
(3215, 'pt_BR', 'Auces novads', 375),
(3216, 'pt_BR', 'Babītes novads', 376),
(3217, 'pt_BR', 'Baldones novads', 377),
(3218, 'pt_BR', 'Baltinavas novads', 378),
(3219, 'pt_BR', 'Balvu novads', 379),
(3220, 'pt_BR', 'Bauskas novads', 380),
(3221, 'pt_BR', 'Condado de Beverina', 381),
(3222, 'pt_BR', 'Condado de Broceni', 382),
(3223, 'pt_BR', 'Burtnieku novads', 383),
(3224, 'pt_BR', 'Carnikavas novads', 384),
(3225, 'pt_BR', 'Cesvaines novads', 385),
(3226, 'pt_BR', 'Ciblas novads', 386),
(3227, 'pt_BR', 'Cesis county', 387),
(3228, 'pt_BR', 'Dagdas novads', 388),
(3229, 'pt_BR', 'Daugavpils novads', 389),
(3230, 'pt_BR', 'Dobeles novads', 390),
(3231, 'pt_BR', 'Dundagas novads', 391),
(3232, 'pt_BR', 'Durbes novads', 392),
(3233, 'pt_BR', 'Engad novads', 393),
(3234, 'pt_BR', 'Garkalnes novads', 394),
(3235, 'pt_BR', 'O condado de Grobiņa', 395),
(3236, 'pt_BR', 'Gulbenes novads', 396),
(3237, 'pt_BR', 'Iecavas novads', 397),
(3238, 'pt_BR', 'Ikskile county', 398),
(3239, 'pt_BR', 'Ilūkste county', 399),
(3240, 'pt_BR', 'Condado de Inčukalns', 400),
(3241, 'pt_BR', 'Jaunjelgavas novads', 401),
(3242, 'pt_BR', 'Jaunpiebalgas novads', 402),
(3243, 'pt_BR', 'Jaunpils novads', 403),
(3244, 'pt_BR', 'Jelgavas novads', 404),
(3245, 'pt_BR', 'Jekabpils county', 405),
(3246, 'pt_BR', 'Kandavas novads', 406),
(3247, 'pt_BR', 'Kokneses novads', 407),
(3248, 'pt_BR', 'Krimuldas novads', 408),
(3249, 'pt_BR', 'Krustpils novads', 409),
(3250, 'pt_BR', 'Condado de Kraslava', 410),
(3251, 'pt_BR', 'Condado de Kuldīga', 411),
(3252, 'pt_BR', 'Condado de Kārsava', 412),
(3253, 'pt_BR', 'Condado de Lielvarde', 413),
(3254, 'pt_BR', 'Condado de Limbaži', 414),
(3255, 'pt_BR', 'O distrito de Lubāna', 415),
(3256, 'pt_BR', 'Ludzas novads', 416),
(3257, 'pt_BR', 'Ligatne county', 417),
(3258, 'pt_BR', 'Livani county', 418),
(3259, 'pt_BR', 'Madonas novads', 419),
(3260, 'pt_BR', 'Mazsalacas novads', 420),
(3261, 'pt_BR', 'Mālpils county', 421),
(3262, 'pt_BR', 'Mārupe county', 422),
(3263, 'pt_BR', 'O condado de Naukšēni', 423),
(3264, 'pt_BR', 'Neretas novads', 424),
(3265, 'pt_BR', 'Nīca county', 425),
(3266, 'pt_BR', 'Ogres novads', 426),
(3267, 'pt_BR', 'Olaines novads', 427),
(3268, 'pt_BR', 'Ozolnieku novads', 428),
(3269, 'pt_BR', 'Preiļi county', 429),
(3270, 'pt_BR', 'Priekules novads', 430),
(3271, 'pt_BR', 'Condado de Priekuļi', 431),
(3272, 'pt_BR', 'Moving county', 432),
(3273, 'pt_BR', 'Condado de Pavilosta', 433),
(3274, 'pt_BR', 'Condado de Plavinas', 434);
INSERT INTO `country_state_translations` (`id`, `locale`, `default_name`, `country_state_id`) VALUES
(3275, 'pt_BR', 'Raunas novads', 435),
(3276, 'pt_BR', 'Condado de Riebiņi', 436),
(3277, 'pt_BR', 'Rojas novads', 437),
(3278, 'pt_BR', 'Ropazi county', 438),
(3279, 'pt_BR', 'Rucavas novads', 439),
(3280, 'pt_BR', 'Rugāji county', 440),
(3281, 'pt_BR', 'Rundāle county', 441),
(3282, 'pt_BR', 'Rezekne county', 442),
(3283, 'pt_BR', 'Rūjiena county', 443),
(3284, 'pt_BR', 'O município de Salacgriva', 444),
(3285, 'pt_BR', 'Salas novads', 445),
(3286, 'pt_BR', 'Salaspils novads', 446),
(3287, 'pt_BR', 'Saldus novads', 447),
(3288, 'pt_BR', 'Saulkrastu novads', 448),
(3289, 'pt_BR', 'Siguldas novads', 449),
(3290, 'pt_BR', 'Skrundas novads', 450),
(3291, 'pt_BR', 'Skrīveri county', 451),
(3292, 'pt_BR', 'Smiltenes novads', 452),
(3293, 'pt_BR', 'Condado de Stopini', 453),
(3294, 'pt_BR', 'Condado de Strenči', 454),
(3295, 'pt_BR', 'Região de semeadura', 455),
(3296, 'pt_BR', 'Talsu novads', 456),
(3297, 'pt_BR', 'Tukuma novads', 457),
(3298, 'pt_BR', 'Condado de Tērvete', 458),
(3299, 'pt_BR', 'O condado de Vaiņode', 459),
(3300, 'pt_BR', 'Valkas novads', 460),
(3301, 'pt_BR', 'Valmieras novads', 461),
(3302, 'pt_BR', 'Varaklani county', 462),
(3303, 'pt_BR', 'Vecpiebalgas novads', 463),
(3304, 'pt_BR', 'Vecumnieku novads', 464),
(3305, 'pt_BR', 'Ventspils novads', 465),
(3306, 'pt_BR', 'Condado de Viesite', 466),
(3307, 'pt_BR', 'Condado de Vilaka', 467),
(3308, 'pt_BR', 'Vilani county', 468),
(3309, 'pt_BR', 'Condado de Varkava', 469),
(3310, 'pt_BR', 'Zilupes novads', 470),
(3311, 'pt_BR', 'Adazi county', 471),
(3312, 'pt_BR', 'Erglu county', 472),
(3313, 'pt_BR', 'Kegums county', 473),
(3314, 'pt_BR', 'Kekava county', 474),
(3315, 'pt_BR', 'Alytaus Apskritis', 475),
(3316, 'pt_BR', 'Kauno Apskritis', 476),
(3317, 'pt_BR', 'Condado de Klaipeda', 477),
(3318, 'pt_BR', 'Marijampolė county', 478),
(3319, 'pt_BR', 'Panevezys county', 479),
(3320, 'pt_BR', 'Siauliai county', 480),
(3321, 'pt_BR', 'Taurage county', 481),
(3322, 'pt_BR', 'Telšiai county', 482),
(3323, 'pt_BR', 'Utenos Apskritis', 483),
(3324, 'pt_BR', 'Vilniaus Apskritis', 484),
(3325, 'pt_BR', 'Acre', 485),
(3326, 'pt_BR', 'Alagoas', 486),
(3327, 'pt_BR', 'Amapá', 487),
(3328, 'pt_BR', 'Amazonas', 488),
(3329, 'pt_BR', 'Bahia', 489),
(3330, 'pt_BR', 'Ceará', 490),
(3331, 'pt_BR', 'Espírito Santo', 491),
(3332, 'pt_BR', 'Goiás', 492),
(3333, 'pt_BR', 'Maranhão', 493),
(3334, 'pt_BR', 'Mato Grosso', 494),
(3335, 'pt_BR', 'Mato Grosso do Sul', 495),
(3336, 'pt_BR', 'Minas Gerais', 496),
(3337, 'pt_BR', 'Pará', 497),
(3338, 'pt_BR', 'Paraíba', 498),
(3339, 'pt_BR', 'Paraná', 499),
(3340, 'pt_BR', 'Pernambuco', 500),
(3341, 'pt_BR', 'Piauí', 501),
(3342, 'pt_BR', 'Rio de Janeiro', 502),
(3343, 'pt_BR', 'Rio Grande do Norte', 503),
(3344, 'pt_BR', 'Rio Grande do Sul', 504),
(3345, 'pt_BR', 'Rondônia', 505),
(3346, 'pt_BR', 'Roraima', 506),
(3347, 'pt_BR', 'Santa Catarina', 507),
(3348, 'pt_BR', 'São Paulo', 508),
(3349, 'pt_BR', 'Sergipe', 509),
(3350, 'pt_BR', 'Tocantins', 510),
(3351, 'pt_BR', 'Distrito Federal', 511),
(3352, 'pt_BR', 'Condado de Zagreb', 512),
(3353, 'pt_BR', 'Condado de Krapina-Zagorje', 513),
(3354, 'pt_BR', 'Condado de Sisak-Moslavina', 514),
(3355, 'pt_BR', 'Condado de Karlovac', 515),
(3356, 'pt_BR', 'Concelho de Varaždin', 516),
(3357, 'pt_BR', 'Condado de Koprivnica-Križevci', 517),
(3358, 'pt_BR', 'Condado de Bjelovar-Bilogora', 518),
(3359, 'pt_BR', 'Condado de Primorje-Gorski kotar', 519),
(3360, 'pt_BR', 'Condado de Lika-Senj', 520),
(3361, 'pt_BR', 'Condado de Virovitica-Podravina', 521),
(3362, 'pt_BR', 'Condado de Požega-Slavonia', 522),
(3363, 'pt_BR', 'Condado de Brod-Posavina', 523),
(3364, 'pt_BR', 'Condado de Zadar', 524),
(3365, 'pt_BR', 'Condado de Osijek-Baranja', 525),
(3366, 'pt_BR', 'Condado de Šibenik-Knin', 526),
(3367, 'pt_BR', 'Condado de Vukovar-Srijem', 527),
(3368, 'pt_BR', 'Condado de Split-Dalmácia', 528),
(3369, 'pt_BR', 'Condado de Ístria', 529),
(3370, 'pt_BR', 'Condado de Dubrovnik-Neretva', 530),
(3371, 'pt_BR', 'Međimurska županija', 531),
(3372, 'pt_BR', 'Grad Zagreb', 532),
(3373, 'pt_BR', 'Ilhas Andaman e Nicobar', 533),
(3374, 'pt_BR', 'Andhra Pradesh', 534),
(3375, 'pt_BR', 'Arunachal Pradesh', 535),
(3376, 'pt_BR', 'Assam', 536),
(3377, 'pt_BR', 'Bihar', 537),
(3378, 'pt_BR', 'Chandigarh', 538),
(3379, 'pt_BR', 'Chhattisgarh', 539),
(3380, 'pt_BR', 'Dadra e Nagar Haveli', 540),
(3381, 'pt_BR', 'Daman e Diu', 541),
(3382, 'pt_BR', 'Delhi', 542),
(3383, 'pt_BR', 'Goa', 543),
(3384, 'pt_BR', 'Gujarat', 544),
(3385, 'pt_BR', 'Haryana', 545),
(3386, 'pt_BR', 'Himachal Pradesh', 546),
(3387, 'pt_BR', 'Jammu e Caxemira', 547),
(3388, 'pt_BR', 'Jharkhand', 548),
(3389, 'pt_BR', 'Karnataka', 549),
(3390, 'pt_BR', 'Kerala', 550),
(3391, 'pt_BR', 'Lakshadweep', 551),
(3392, 'pt_BR', 'Madhya Pradesh', 552),
(3393, 'pt_BR', 'Maharashtra', 553),
(3394, 'pt_BR', 'Manipur', 554),
(3395, 'pt_BR', 'Meghalaya', 555),
(3396, 'pt_BR', 'Mizoram', 556),
(3397, 'pt_BR', 'Nagaland', 557),
(3398, 'pt_BR', 'Odisha', 558),
(3399, 'pt_BR', 'Puducherry', 559),
(3400, 'pt_BR', 'Punjab', 560),
(3401, 'pt_BR', 'Rajasthan', 561),
(3402, 'pt_BR', 'Sikkim', 562),
(3403, 'pt_BR', 'Tamil Nadu', 563),
(3404, 'pt_BR', 'Telangana', 564),
(3405, 'pt_BR', 'Tripura', 565),
(3406, 'pt_BR', 'Uttar Pradesh', 566),
(3407, 'pt_BR', 'Uttarakhand', 567),
(3408, 'pt_BR', 'Bengala Ocidental', 568);

--
-- Dumping data for table `country_translations`
--

INSERT INTO `country_translations` (`id`, `locale`, `name`, `country_id`) VALUES
(766, 'ar', 'أفغانستان', 1),
(767, 'ar', 'جزر آلاند', 2),
(768, 'ar', 'ألبانيا', 3),
(769, 'ar', 'الجزائر', 4),
(770, 'ar', 'ساموا الأمريكية', 5),
(771, 'ar', 'أندورا', 6),
(772, 'ar', 'أنغولا', 7),
(773, 'ar', 'أنغيلا', 8),
(774, 'ar', 'القارة القطبية الجنوبية', 9),
(775, 'ar', 'أنتيغوا وبربودا', 10),
(776, 'ar', 'الأرجنتين', 11),
(777, 'ar', 'أرمينيا', 12),
(778, 'ar', 'أروبا', 13),
(779, 'ar', 'جزيرة الصعود', 14),
(780, 'ar', 'أستراليا', 15),
(781, 'ar', 'النمسا', 16),
(782, 'ar', 'أذربيجان', 17),
(783, 'ar', 'الباهاما', 18),
(784, 'ar', 'البحرين', 19),
(785, 'ar', 'بنغلاديش', 20),
(786, 'ar', 'بربادوس', 21),
(787, 'ar', 'روسيا البيضاء', 22),
(788, 'ar', 'بلجيكا', 23),
(789, 'ar', 'بليز', 24),
(790, 'ar', 'بنين', 25),
(791, 'ar', 'برمودا', 26),
(792, 'ar', 'بوتان', 27),
(793, 'ar', 'بوليفيا', 28),
(794, 'ar', 'البوسنة والهرسك', 29),
(795, 'ar', 'بوتسوانا', 30),
(796, 'ar', 'البرازيل', 31),
(797, 'ar', 'إقليم المحيط البريطاني الهندي', 32),
(798, 'ar', 'جزر فيرجن البريطانية', 33),
(799, 'ar', 'بروناي', 34),
(800, 'ar', 'بلغاريا', 35),
(801, 'ar', 'بوركينا فاسو', 36),
(802, 'ar', 'بوروندي', 37),
(803, 'ar', 'كمبوديا', 38),
(804, 'ar', 'الكاميرون', 39),
(805, 'ar', 'كندا', 40),
(806, 'ar', 'جزر الكناري', 41),
(807, 'ar', 'الرأس الأخضر', 42),
(808, 'ar', 'الكاريبي هولندا', 43),
(809, 'ar', 'جزر كايمان', 44),
(810, 'ar', 'جمهورية افريقيا الوسطى', 45),
(811, 'ar', 'سبتة ومليلية', 46),
(812, 'ar', 'تشاد', 47),
(813, 'ar', 'تشيلي', 48),
(814, 'ar', 'الصين', 49),
(815, 'ar', 'جزيرة الكريسماس', 50),
(816, 'ar', 'جزر كوكوس (كيلينغ)', 51),
(817, 'ar', 'كولومبيا', 52),
(818, 'ar', 'جزر القمر', 53),
(819, 'ar', 'الكونغو - برازافيل', 54),
(820, 'ar', 'الكونغو - كينشاسا', 55),
(821, 'ar', 'جزر كوك', 56),
(822, 'ar', 'كوستاريكا', 57),
(823, 'ar', 'ساحل العاج', 58),
(824, 'ar', 'كرواتيا', 59),
(825, 'ar', 'كوبا', 60),
(826, 'ar', 'كوراساو', 61),
(827, 'ar', 'قبرص', 62),
(828, 'ar', 'التشيك', 63),
(829, 'ar', 'الدنمارك', 64),
(830, 'ar', 'دييغو غارسيا', 65),
(831, 'ar', 'جيبوتي', 66),
(832, 'ar', 'دومينيكا', 67),
(833, 'ar', 'جمهورية الدومنيكان', 68),
(834, 'ar', 'الإكوادور', 69),
(835, 'ar', 'مصر', 70),
(836, 'ar', 'السلفادور', 71),
(837, 'ar', 'غينيا الإستوائية', 72),
(838, 'ar', 'إريتريا', 73),
(839, 'ar', 'استونيا', 74),
(840, 'ar', 'أثيوبيا', 75),
(841, 'ar', 'منطقة اليورو', 76),
(842, 'ar', 'جزر فوكلاند', 77),
(843, 'ar', 'جزر فاروس', 78),
(844, 'ar', 'فيجي', 79),
(845, 'ar', 'فنلندا', 80),
(846, 'ar', 'فرنسا', 81),
(847, 'ar', 'غيانا الفرنسية', 82),
(848, 'ar', 'بولينيزيا الفرنسية', 83),
(849, 'ar', 'المناطق الجنوبية لفرنسا', 84),
(850, 'ar', 'الغابون', 85),
(851, 'ar', 'غامبيا', 86),
(852, 'ar', 'جورجيا', 87),
(853, 'ar', 'ألمانيا', 88),
(854, 'ar', 'غانا', 89),
(855, 'ar', 'جبل طارق', 90),
(856, 'ar', 'اليونان', 91),
(857, 'ar', 'الأرض الخضراء', 92),
(858, 'ar', 'غرينادا', 93),
(859, 'ar', 'جوادلوب', 94),
(860, 'ar', 'غوام', 95),
(861, 'ar', 'غواتيمالا', 96),
(862, 'ar', 'غيرنسي', 97),
(863, 'ar', 'غينيا', 98),
(864, 'ar', 'غينيا بيساو', 99),
(865, 'ar', 'غيانا', 100),
(866, 'ar', 'هايتي', 101),
(867, 'ar', 'هندوراس', 102),
(868, 'ar', 'هونج كونج SAR الصين', 103),
(869, 'ar', 'هنغاريا', 104),
(870, 'ar', 'أيسلندا', 105),
(871, 'ar', 'الهند', 106),
(872, 'ar', 'إندونيسيا', 107),
(873, 'ar', 'إيران', 108),
(874, 'ar', 'العراق', 109),
(875, 'ar', 'أيرلندا', 110),
(876, 'ar', 'جزيرة آيل أوف مان', 111),
(877, 'ar', 'إسرائيل', 112),
(878, 'ar', 'إيطاليا', 113),
(879, 'ar', 'جامايكا', 114),
(880, 'ar', 'اليابان', 115),
(881, 'ar', 'جيرسي', 116),
(882, 'ar', 'الأردن', 117),
(883, 'ar', 'كازاخستان', 118),
(884, 'ar', 'كينيا', 119),
(885, 'ar', 'كيريباس', 120),
(886, 'ar', 'كوسوفو', 121),
(887, 'ar', 'الكويت', 122),
(888, 'ar', 'قرغيزستان', 123),
(889, 'ar', 'لاوس', 124),
(890, 'ar', 'لاتفيا', 125),
(891, 'ar', 'لبنان', 126),
(892, 'ar', 'ليسوتو', 127),
(893, 'ar', 'ليبيريا', 128),
(894, 'ar', 'ليبيا', 129),
(895, 'ar', 'ليختنشتاين', 130),
(896, 'ar', 'ليتوانيا', 131),
(897, 'ar', 'لوكسمبورغ', 132),
(898, 'ar', 'ماكاو SAR الصين', 133),
(899, 'ar', 'مقدونيا', 134),
(900, 'ar', 'مدغشقر', 135),
(901, 'ar', 'مالاوي', 136),
(902, 'ar', 'ماليزيا', 137),
(903, 'ar', 'جزر المالديف', 138),
(904, 'ar', 'مالي', 139),
(905, 'ar', 'مالطا', 140),
(906, 'ar', 'جزر مارشال', 141),
(907, 'ar', 'مارتينيك', 142),
(908, 'ar', 'موريتانيا', 143),
(909, 'ar', 'موريشيوس', 144),
(910, 'ar', 'ضائع', 145),
(911, 'ar', 'المكسيك', 146),
(912, 'ar', 'ميكرونيزيا', 147),
(913, 'ar', 'مولدوفا', 148),
(914, 'ar', 'موناكو', 149),
(915, 'ar', 'منغوليا', 150),
(916, 'ar', 'الجبل الأسود', 151),
(917, 'ar', 'مونتسيرات', 152),
(918, 'ar', 'المغرب', 153),
(919, 'ar', 'موزمبيق', 154),
(920, 'ar', 'ميانمار (بورما)', 155),
(921, 'ar', 'ناميبيا', 156),
(922, 'ar', 'ناورو', 157),
(923, 'ar', 'نيبال', 158),
(924, 'ar', 'نيبال', 159),
(925, 'ar', 'كاليدونيا الجديدة', 160),
(926, 'ar', 'نيوزيلاندا', 161),
(927, 'ar', 'نيكاراغوا', 162),
(928, 'ar', 'النيجر', 163),
(929, 'ar', 'نيجيريا', 164),
(930, 'ar', 'نيوي', 165),
(931, 'ar', 'جزيرة نورفولك', 166),
(932, 'ar', 'كوريا الشماليه', 167),
(933, 'ar', 'جزر مريانا الشمالية', 168),
(934, 'ar', 'النرويج', 169),
(935, 'ar', 'سلطنة عمان', 170),
(936, 'ar', 'باكستان', 171),
(937, 'ar', 'بالاو', 172),
(938, 'ar', 'الاراضي الفلسطينية', 173),
(939, 'ar', 'بناما', 174),
(940, 'ar', 'بابوا غينيا الجديدة', 175),
(941, 'ar', 'باراغواي', 176),
(942, 'ar', 'بيرو', 177),
(943, 'ar', 'الفلبين', 178),
(944, 'ar', 'جزر بيتكيرن', 179),
(945, 'ar', 'بولندا', 180),
(946, 'ar', 'البرتغال', 181),
(947, 'ar', 'بورتوريكو', 182),
(948, 'ar', 'دولة قطر', 183),
(949, 'ar', 'جمع شمل', 184),
(950, 'ar', 'رومانيا', 185),
(951, 'ar', 'روسيا', 186),
(952, 'ar', 'رواندا', 187),
(953, 'ar', 'ساموا', 188),
(954, 'ar', 'سان مارينو', 189),
(955, 'ar', 'سانت كيتس ونيفيس', 190),
(956, 'ar', 'المملكة العربية السعودية', 191),
(957, 'ar', 'السنغال', 192),
(958, 'ar', 'صربيا', 193),
(959, 'ar', 'سيشيل', 194),
(960, 'ar', 'سيراليون', 195),
(961, 'ar', 'سنغافورة', 196),
(962, 'ar', 'سينت مارتن', 197),
(963, 'ar', 'سلوفاكيا', 198),
(964, 'ar', 'سلوفينيا', 199),
(965, 'ar', 'جزر سليمان', 200),
(966, 'ar', 'الصومال', 201),
(967, 'ar', 'جنوب أفريقيا', 202),
(968, 'ar', 'جورجيا الجنوبية وجزر ساندويتش الجنوبية', 203),
(969, 'ar', 'كوريا الجنوبية', 204),
(970, 'ar', 'جنوب السودان', 205),
(971, 'ar', 'إسبانيا', 206),
(972, 'ar', 'سيريلانكا', 207),
(973, 'ar', 'سانت بارتيليمي', 208),
(974, 'ar', 'سانت هيلانة', 209),
(975, 'ar', 'سانت كيتس ونيفيس', 210),
(976, 'ar', 'شارع لوسيا', 211),
(977, 'ar', 'سانت مارتن', 212),
(978, 'ar', 'سانت بيير وميكلون', 213),
(979, 'ar', 'سانت فنسنت وجزر غرينادين', 214),
(980, 'ar', 'السودان', 215),
(981, 'ar', 'سورينام', 216),
(982, 'ar', 'سفالبارد وجان ماين', 217),
(983, 'ar', 'سوازيلاند', 218),
(984, 'ar', 'السويد', 219),
(985, 'ar', 'سويسرا', 220),
(986, 'ar', 'سوريا', 221),
(987, 'ar', 'تايوان', 222),
(988, 'ar', 'طاجيكستان', 223),
(989, 'ar', 'تنزانيا', 224),
(990, 'ar', 'تايلاند', 225),
(991, 'ar', 'تيمور', 226),
(992, 'ar', 'توجو', 227),
(993, 'ar', 'توكيلاو', 228),
(994, 'ar', 'تونغا', 229),
(995, 'ar', 'ترينيداد وتوباغو', 230),
(996, 'ar', 'تريستان دا كونها', 231),
(997, 'ar', 'تونس', 232),
(998, 'ar', 'ديك رومي', 233),
(999, 'ar', 'تركمانستان', 234),
(1000, 'ar', 'جزر تركس وكايكوس', 235),
(1001, 'ar', 'توفالو', 236),
(1002, 'ar', 'جزر الولايات المتحدة البعيدة', 237),
(1003, 'ar', 'جزر فيرجن الأمريكية', 238),
(1004, 'ar', 'أوغندا', 239),
(1005, 'ar', 'أوكرانيا', 240),
(1006, 'ar', 'الإمارات العربية المتحدة', 241),
(1007, 'ar', 'المملكة المتحدة', 242),
(1008, 'ar', 'الأمم المتحدة', 243),
(1009, 'ar', 'الولايات المتحدة الأمريكية', 244),
(1010, 'ar', 'أوروغواي', 245),
(1011, 'ar', 'أوزبكستان', 246),
(1012, 'ar', 'فانواتو', 247),
(1013, 'ar', 'مدينة الفاتيكان', 248),
(1014, 'ar', 'فنزويلا', 249),
(1015, 'ar', 'فيتنام', 250),
(1016, 'ar', 'واليس وفوتونا', 251),
(1017, 'ar', 'الصحراء الغربية', 252),
(1018, 'ar', 'اليمن', 253),
(1019, 'ar', 'زامبيا', 254),
(1020, 'ar', 'زيمبابوي', 255),
(1021, 'fa', 'افغانستان', 1),
(1022, 'fa', 'جزایر الند', 2),
(1023, 'fa', 'آلبانی', 3),
(1024, 'fa', 'الجزایر', 4),
(1025, 'fa', 'ساموآ آمریکایی', 5),
(1026, 'fa', 'آندورا', 6),
(1027, 'fa', 'آنگولا', 7),
(1028, 'fa', 'آنگولا', 8),
(1029, 'fa', 'جنوبگان', 9),
(1030, 'fa', 'آنتیگوا و باربودا', 10),
(1031, 'fa', 'آرژانتین', 11),
(1032, 'fa', 'ارمنستان', 12),
(1033, 'fa', 'آروبا', 13),
(1034, 'fa', 'جزیره صعود', 14),
(1035, 'fa', 'استرالیا', 15),
(1036, 'fa', 'اتریش', 16),
(1037, 'fa', 'آذربایجان', 17),
(1038, 'fa', 'باهاما', 18),
(1039, 'fa', 'بحرین', 19),
(1040, 'fa', 'بنگلادش', 20),
(1041, 'fa', 'باربادوس', 21),
(1042, 'fa', 'بلاروس', 22),
(1043, 'fa', 'بلژیک', 23),
(1044, 'fa', 'بلژیک', 24),
(1045, 'fa', 'بنین', 25),
(1046, 'fa', 'برمودا', 26),
(1047, 'fa', 'بوتان', 27),
(1048, 'fa', 'بولیوی', 28),
(1049, 'fa', 'بوسنی و هرزگوین', 29),
(1050, 'fa', 'بوتسوانا', 30),
(1051, 'fa', 'برزیل', 31),
(1052, 'fa', 'قلمرو اقیانوس هند انگلیس', 32),
(1053, 'fa', 'جزایر ویرجین انگلیس', 33),
(1054, 'fa', 'برونئی', 34),
(1055, 'fa', 'بلغارستان', 35),
(1056, 'fa', 'بورکینا فاسو', 36),
(1057, 'fa', 'بوروندی', 37),
(1058, 'fa', 'کامبوج', 38),
(1059, 'fa', 'کامرون', 39),
(1060, 'fa', 'کانادا', 40),
(1061, 'fa', 'جزایر قناری', 41),
(1062, 'fa', 'کیپ ورد', 42),
(1063, 'fa', 'کارائیب هلند', 43),
(1064, 'fa', 'Cayman Islands', 44),
(1065, 'fa', 'جمهوری آفریقای مرکزی', 45),
(1066, 'fa', 'سوتا و ملیلا', 46),
(1067, 'fa', 'چاد', 47),
(1068, 'fa', 'شیلی', 48),
(1069, 'fa', 'چین', 49),
(1070, 'fa', 'جزیره کریسمس', 50),
(1071, 'fa', 'جزایر کوکو (Keeling)', 51),
(1072, 'fa', 'کلمبیا', 52),
(1073, 'fa', 'کومور', 53),
(1074, 'fa', 'کنگو - برزاویل', 54),
(1075, 'fa', 'کنگو - کینشاسا', 55),
(1076, 'fa', 'جزایر کوک', 56),
(1077, 'fa', 'کاستاریکا', 57),
(1078, 'fa', 'ساحل عاج', 58),
(1079, 'fa', 'کرواسی', 59),
(1080, 'fa', 'کوبا', 60),
(1081, 'fa', 'کوراسائو', 61),
(1082, 'fa', 'قبرس', 62),
(1083, 'fa', 'چک', 63),
(1084, 'fa', 'دانمارک', 64),
(1085, 'fa', 'دیگو گارسیا', 65),
(1086, 'fa', 'جیبوتی', 66),
(1087, 'fa', 'دومینیکا', 67),
(1088, 'fa', 'جمهوری دومینیکن', 68),
(1089, 'fa', 'اکوادور', 69),
(1090, 'fa', 'مصر', 70),
(1091, 'fa', 'السالوادور', 71),
(1092, 'fa', 'گینه استوایی', 72),
(1093, 'fa', 'اریتره', 73),
(1094, 'fa', 'استونی', 74),
(1095, 'fa', 'اتیوپی', 75),
(1096, 'fa', 'منطقه یورو', 76),
(1097, 'fa', 'جزایر فالکلند', 77),
(1098, 'fa', 'جزایر فارو', 78),
(1099, 'fa', 'فیجی', 79),
(1100, 'fa', 'فنلاند', 80),
(1101, 'fa', 'فرانسه', 81),
(1102, 'fa', 'گویان فرانسه', 82),
(1103, 'fa', 'پلی‌نزی فرانسه', 83),
(1104, 'fa', 'سرزمین های جنوبی فرانسه', 84),
(1105, 'fa', 'گابن', 85),
(1106, 'fa', 'گامبیا', 86),
(1107, 'fa', 'جورجیا', 87),
(1108, 'fa', 'آلمان', 88),
(1109, 'fa', 'غنا', 89),
(1110, 'fa', 'جبل الطارق', 90),
(1111, 'fa', 'یونان', 91),
(1112, 'fa', 'گرینلند', 92),
(1113, 'fa', 'گرنادا', 93),
(1114, 'fa', 'گوادلوپ', 94),
(1115, 'fa', 'گوام', 95),
(1116, 'fa', 'گواتمالا', 96),
(1117, 'fa', 'گورنسی', 97),
(1118, 'fa', 'گینه', 98),
(1119, 'fa', 'گینه بیسائو', 99),
(1120, 'fa', 'گویان', 100),
(1121, 'fa', 'هائیتی', 101),
(1122, 'fa', 'هندوراس', 102),
(1123, 'fa', 'هنگ کنگ SAR چین', 103),
(1124, 'fa', 'مجارستان', 104),
(1125, 'fa', 'ایسلند', 105),
(1126, 'fa', 'هند', 106),
(1127, 'fa', 'اندونزی', 107),
(1128, 'fa', 'ایران', 108),
(1129, 'fa', 'عراق', 109),
(1130, 'fa', 'ایرلند', 110),
(1131, 'fa', 'جزیره من', 111),
(1132, 'fa', 'اسرائيل', 112),
(1133, 'fa', 'ایتالیا', 113),
(1134, 'fa', 'جامائیکا', 114),
(1135, 'fa', 'ژاپن', 115),
(1136, 'fa', 'پیراهن ورزشی', 116),
(1137, 'fa', 'اردن', 117),
(1138, 'fa', 'قزاقستان', 118),
(1139, 'fa', 'کنیا', 119),
(1140, 'fa', 'کیریباتی', 120),
(1141, 'fa', 'کوزوو', 121),
(1142, 'fa', 'کویت', 122),
(1143, 'fa', 'قرقیزستان', 123),
(1144, 'fa', 'لائوس', 124),
(1145, 'fa', 'لتونی', 125),
(1146, 'fa', 'لبنان', 126),
(1147, 'fa', 'لسوتو', 127),
(1148, 'fa', 'لیبریا', 128),
(1149, 'fa', 'لیبی', 129),
(1150, 'fa', 'لیختن اشتاین', 130),
(1151, 'fa', 'لیتوانی', 131),
(1152, 'fa', 'لوکزامبورگ', 132),
(1153, 'fa', 'ماکائو SAR چین', 133),
(1154, 'fa', 'مقدونیه', 134),
(1155, 'fa', 'ماداگاسکار', 135),
(1156, 'fa', 'مالاوی', 136),
(1157, 'fa', 'مالزی', 137),
(1158, 'fa', 'مالدیو', 138),
(1159, 'fa', 'مالی', 139),
(1160, 'fa', 'مالت', 140),
(1161, 'fa', 'جزایر مارشال', 141),
(1162, 'fa', 'مارتینیک', 142),
(1163, 'fa', 'موریتانی', 143),
(1164, 'fa', 'موریس', 144),
(1165, 'fa', 'گمشده', 145),
(1166, 'fa', 'مکزیک', 146),
(1167, 'fa', 'میکرونزی', 147),
(1168, 'fa', 'مولداوی', 148),
(1169, 'fa', 'موناکو', 149),
(1170, 'fa', 'مغولستان', 150),
(1171, 'fa', 'مونته نگرو', 151),
(1172, 'fa', 'مونتسرات', 152),
(1173, 'fa', 'مراکش', 153),
(1174, 'fa', 'موزامبیک', 154),
(1175, 'fa', 'میانمار (برمه)', 155),
(1176, 'fa', 'ناميبيا', 156),
(1177, 'fa', 'نائورو', 157),
(1178, 'fa', 'نپال', 158),
(1179, 'fa', 'هلند', 159),
(1180, 'fa', 'کالدونیای جدید', 160),
(1181, 'fa', 'نیوزلند', 161),
(1182, 'fa', 'نیکاراگوئه', 162),
(1183, 'fa', 'نیجر', 163),
(1184, 'fa', 'نیجریه', 164),
(1185, 'fa', 'نیو', 165),
(1186, 'fa', 'جزیره نورفولک', 166),
(1187, 'fa', 'کره شمالی', 167),
(1188, 'fa', 'جزایر ماریانای شمالی', 168),
(1189, 'fa', 'نروژ', 169),
(1190, 'fa', 'عمان', 170),
(1191, 'fa', 'پاکستان', 171),
(1192, 'fa', 'پالائو', 172),
(1193, 'fa', 'سرزمین های فلسطینی', 173),
(1194, 'fa', 'پاناما', 174),
(1195, 'fa', 'پاپوا گینه نو', 175),
(1196, 'fa', 'پاراگوئه', 176),
(1197, 'fa', 'پرو', 177),
(1198, 'fa', 'فیلیپین', 178),
(1199, 'fa', 'جزایر پیکریرن', 179),
(1200, 'fa', 'لهستان', 180),
(1201, 'fa', 'کشور پرتغال', 181),
(1202, 'fa', 'پورتوریکو', 182),
(1203, 'fa', 'قطر', 183),
(1204, 'fa', 'تجدید دیدار', 184),
(1205, 'fa', 'رومانی', 185),
(1206, 'fa', 'روسیه', 186),
(1207, 'fa', 'رواندا', 187),
(1208, 'fa', 'ساموآ', 188),
(1209, 'fa', 'سان مارینو', 189),
(1210, 'fa', 'سنت کیتس و نوویس', 190),
(1211, 'fa', 'عربستان سعودی', 191),
(1212, 'fa', 'سنگال', 192),
(1213, 'fa', 'صربستان', 193),
(1214, 'fa', 'سیشل', 194),
(1215, 'fa', 'سیرالئون', 195),
(1216, 'fa', 'سنگاپور', 196),
(1217, 'fa', 'سینت ماارتن', 197),
(1218, 'fa', 'اسلواکی', 198),
(1219, 'fa', 'اسلوونی', 199),
(1220, 'fa', 'جزایر سلیمان', 200),
(1221, 'fa', 'سومالی', 201),
(1222, 'fa', 'آفریقای جنوبی', 202),
(1223, 'fa', 'جزایر جورجیا جنوبی و جزایر ساندویچ جنوبی', 203),
(1224, 'fa', 'کره جنوبی', 204),
(1225, 'fa', 'سودان جنوبی', 205),
(1226, 'fa', 'اسپانیا', 206),
(1227, 'fa', 'سری لانکا', 207),
(1228, 'fa', 'سنت بارتلی', 208),
(1229, 'fa', 'سنت هلنا', 209),
(1230, 'fa', 'سنت کیتز و نوویس', 210),
(1231, 'fa', 'سنت لوسیا', 211),
(1232, 'fa', 'سنت مارتین', 212),
(1233, 'fa', 'سنت پیر و میکلون', 213),
(1234, 'fa', 'سنت وینسنت و گرنادینها', 214),
(1235, 'fa', 'سودان', 215),
(1236, 'fa', 'سورینام', 216),
(1237, 'fa', 'اسوالبارد و جان ماین', 217),
(1238, 'fa', 'سوازیلند', 218),
(1239, 'fa', 'سوئد', 219),
(1240, 'fa', 'سوئیس', 220),
(1241, 'fa', 'سوریه', 221),
(1242, 'fa', 'تایوان', 222),
(1243, 'fa', 'تاجیکستان', 223),
(1244, 'fa', 'تانزانیا', 224),
(1245, 'fa', 'تایلند', 225),
(1246, 'fa', 'تیمور-لست', 226),
(1247, 'fa', 'رفتن', 227),
(1248, 'fa', 'توکلو', 228),
(1249, 'fa', 'تونگا', 229),
(1250, 'fa', 'ترینیداد و توباگو', 230),
(1251, 'fa', 'تریستان دا کانونا', 231),
(1252, 'fa', 'تونس', 232),
(1253, 'fa', 'بوقلمون', 233),
(1254, 'fa', 'ترکمنستان', 234),
(1255, 'fa', 'جزایر تورکس و کایکوس', 235),
(1256, 'fa', 'تووالو', 236),
(1257, 'fa', 'جزایر دور افتاده ایالات متحده آمریکا', 237),
(1258, 'fa', 'جزایر ویرجین ایالات متحده', 238),
(1259, 'fa', 'اوگاندا', 239),
(1260, 'fa', 'اوکراین', 240),
(1261, 'fa', 'امارات متحده عربی', 241),
(1262, 'fa', 'انگلستان', 242),
(1263, 'fa', 'سازمان ملل', 243),
(1264, 'fa', 'ایالات متحده', 244),
(1265, 'fa', 'اروگوئه', 245),
(1266, 'fa', 'ازبکستان', 246),
(1267, 'fa', 'وانواتو', 247),
(1268, 'fa', 'شهر واتیکان', 248),
(1269, 'fa', 'ونزوئلا', 249),
(1270, 'fa', 'ویتنام', 250),
(1271, 'fa', 'والیس و فوتونا', 251),
(1272, 'fa', 'صحرای غربی', 252),
(1273, 'fa', 'یمن', 253),
(1274, 'fa', 'زامبیا', 254),
(1275, 'fa', 'زیمبابوه', 255),
(1276, 'pt_BR', 'Afeganistão', 1),
(1277, 'pt_BR', 'Ilhas Åland', 2),
(1278, 'pt_BR', 'Albânia', 3),
(1279, 'pt_BR', 'Argélia', 4),
(1280, 'pt_BR', 'Samoa Americana', 5),
(1281, 'pt_BR', 'Andorra', 6),
(1282, 'pt_BR', 'Angola', 7),
(1283, 'pt_BR', 'Angola', 8),
(1284, 'pt_BR', 'Antártico', 9),
(1285, 'pt_BR', 'Antígua e Barbuda', 10),
(1286, 'pt_BR', 'Argentina', 11),
(1287, 'pt_BR', 'Armênia', 12),
(1288, 'pt_BR', 'Aruba', 13),
(1289, 'pt_BR', 'Ilha de escalada', 14),
(1290, 'pt_BR', 'Austrália', 15),
(1291, 'pt_BR', 'Áustria', 16),
(1292, 'pt_BR', 'Azerbaijão', 17),
(1293, 'pt_BR', 'Bahamas', 18),
(1294, 'pt_BR', 'Bahrain', 19),
(1295, 'pt_BR', 'Bangladesh', 20),
(1296, 'pt_BR', 'Barbados', 21),
(1297, 'pt_BR', 'Bielorrússia', 22),
(1298, 'pt_BR', 'Bélgica', 23),
(1299, 'pt_BR', 'Bélgica', 24),
(1300, 'pt_BR', 'Benin', 25),
(1301, 'pt_BR', 'Bermuda', 26),
(1302, 'pt_BR', 'Butão', 27),
(1303, 'pt_BR', 'Bolívia', 28),
(1304, 'pt_BR', 'Bósnia e Herzegovina', 29),
(1305, 'pt_BR', 'Botsuana', 30),
(1306, 'pt_BR', 'Brasil', 31),
(1307, 'pt_BR', 'Território Britânico do Oceano Índico', 32),
(1308, 'pt_BR', 'Ilhas Virgens Britânicas', 33),
(1309, 'pt_BR', 'Brunei', 34),
(1310, 'pt_BR', 'Bulgária', 35),
(1311, 'pt_BR', 'Burkina Faso', 36),
(1312, 'pt_BR', 'Burundi', 37),
(1313, 'pt_BR', 'Camboja', 38),
(1314, 'pt_BR', 'Camarões', 39),
(1315, 'pt_BR', 'Canadá', 40),
(1316, 'pt_BR', 'Ilhas Canárias', 41),
(1317, 'pt_BR', 'Cabo Verde', 42),
(1318, 'pt_BR', 'Holanda do Caribe', 43),
(1319, 'pt_BR', 'Ilhas Cayman', 44),
(1320, 'pt_BR', 'República Centro-Africana', 45),
(1321, 'pt_BR', 'Ceuta e Melilla', 46),
(1322, 'pt_BR', 'Chade', 47),
(1323, 'pt_BR', 'Chile', 48),
(1324, 'pt_BR', 'China', 49),
(1325, 'pt_BR', 'Ilha Christmas', 50),
(1326, 'pt_BR', 'Ilhas Cocos (Keeling)', 51),
(1327, 'pt_BR', 'Colômbia', 52),
(1328, 'pt_BR', 'Comores', 53),
(1329, 'pt_BR', 'Congo - Brazzaville', 54),
(1330, 'pt_BR', 'Congo - Kinshasa', 55),
(1331, 'pt_BR', 'Ilhas Cook', 56),
(1332, 'pt_BR', 'Costa Rica', 57),
(1333, 'pt_BR', 'Costa do Marfim', 58),
(1334, 'pt_BR', 'Croácia', 59),
(1335, 'pt_BR', 'Cuba', 60),
(1336, 'pt_BR', 'Curaçao', 61),
(1337, 'pt_BR', 'Chipre', 62),
(1338, 'pt_BR', 'Czechia', 63),
(1339, 'pt_BR', 'Dinamarca', 64),
(1340, 'pt_BR', 'Diego Garcia', 65),
(1341, 'pt_BR', 'Djibuti', 66),
(1342, 'pt_BR', 'Dominica', 67),
(1343, 'pt_BR', 'República Dominicana', 68),
(1344, 'pt_BR', 'Equador', 69),
(1345, 'pt_BR', 'Egito', 70),
(1346, 'pt_BR', 'El Salvador', 71),
(1347, 'pt_BR', 'Guiné Equatorial', 72),
(1348, 'pt_BR', 'Eritreia', 73),
(1349, 'pt_BR', 'Estônia', 74),
(1350, 'pt_BR', 'Etiópia', 75),
(1351, 'pt_BR', 'Zona Euro', 76),
(1352, 'pt_BR', 'Ilhas Malvinas', 77),
(1353, 'pt_BR', 'Ilhas Faroe', 78),
(1354, 'pt_BR', 'Fiji', 79),
(1355, 'pt_BR', 'Finlândia', 80),
(1356, 'pt_BR', 'França', 81),
(1357, 'pt_BR', 'Guiana Francesa', 82),
(1358, 'pt_BR', 'Polinésia Francesa', 83),
(1359, 'pt_BR', 'Territórios Franceses do Sul', 84),
(1360, 'pt_BR', 'Gabão', 85),
(1361, 'pt_BR', 'Gâmbia', 86),
(1362, 'pt_BR', 'Geórgia', 87),
(1363, 'pt_BR', 'Alemanha', 88),
(1364, 'pt_BR', 'Gana', 89),
(1365, 'pt_BR', 'Gibraltar', 90),
(1366, 'pt_BR', 'Grécia', 91),
(1367, 'pt_BR', 'Gronelândia', 92),
(1368, 'pt_BR', 'Granada', 93),
(1369, 'pt_BR', 'Guadalupe', 94),
(1370, 'pt_BR', 'Guam', 95),
(1371, 'pt_BR', 'Guatemala', 96),
(1372, 'pt_BR', 'Guernsey', 97),
(1373, 'pt_BR', 'Guiné', 98),
(1374, 'pt_BR', 'Guiné-Bissau', 99),
(1375, 'pt_BR', 'Guiana', 100),
(1376, 'pt_BR', 'Haiti', 101),
(1377, 'pt_BR', 'Honduras', 102),
(1378, 'pt_BR', 'Região Administrativa Especial de Hong Kong, China', 103),
(1379, 'pt_BR', 'Hungria', 104),
(1380, 'pt_BR', 'Islândia', 105),
(1381, 'pt_BR', 'Índia', 106),
(1382, 'pt_BR', 'Indonésia', 107),
(1383, 'pt_BR', 'Irã', 108),
(1384, 'pt_BR', 'Iraque', 109),
(1385, 'pt_BR', 'Irlanda', 110),
(1386, 'pt_BR', 'Ilha de Man', 111),
(1387, 'pt_BR', 'Israel', 112),
(1388, 'pt_BR', 'Itália', 113),
(1389, 'pt_BR', 'Jamaica', 114),
(1390, 'pt_BR', 'Japão', 115),
(1391, 'pt_BR', 'Jersey', 116),
(1392, 'pt_BR', 'Jordânia', 117),
(1393, 'pt_BR', 'Cazaquistão', 118),
(1394, 'pt_BR', 'Quênia', 119),
(1395, 'pt_BR', 'Quiribati', 120),
(1396, 'pt_BR', 'Kosovo', 121),
(1397, 'pt_BR', 'Kuwait', 122),
(1398, 'pt_BR', 'Quirguistão', 123),
(1399, 'pt_BR', 'Laos', 124),
(1400, 'pt_BR', 'Letônia', 125),
(1401, 'pt_BR', 'Líbano', 126),
(1402, 'pt_BR', 'Lesoto', 127),
(1403, 'pt_BR', 'Libéria', 128),
(1404, 'pt_BR', 'Líbia', 129),
(1405, 'pt_BR', 'Liechtenstein', 130),
(1406, 'pt_BR', 'Lituânia', 131),
(1407, 'pt_BR', 'Luxemburgo', 132),
(1408, 'pt_BR', 'Macau SAR China', 133),
(1409, 'pt_BR', 'Macedônia', 134),
(1410, 'pt_BR', 'Madagascar', 135),
(1411, 'pt_BR', 'Malawi', 136),
(1412, 'pt_BR', 'Malásia', 137),
(1413, 'pt_BR', 'Maldivas', 138),
(1414, 'pt_BR', 'Mali', 139),
(1415, 'pt_BR', 'Malta', 140),
(1416, 'pt_BR', 'Ilhas Marshall', 141),
(1417, 'pt_BR', 'Martinica', 142),
(1418, 'pt_BR', 'Mauritânia', 143),
(1419, 'pt_BR', 'Maurício', 144),
(1420, 'pt_BR', 'Maiote', 145),
(1421, 'pt_BR', 'México', 146),
(1422, 'pt_BR', 'Micronésia', 147),
(1423, 'pt_BR', 'Moldávia', 148),
(1424, 'pt_BR', 'Mônaco', 149),
(1425, 'pt_BR', 'Mongólia', 150),
(1426, 'pt_BR', 'Montenegro', 151),
(1427, 'pt_BR', 'Montserrat', 152),
(1428, 'pt_BR', 'Marrocos', 153),
(1429, 'pt_BR', 'Moçambique', 154),
(1430, 'pt_BR', 'Mianmar (Birmânia)', 155),
(1431, 'pt_BR', 'Namíbia', 156),
(1432, 'pt_BR', 'Nauru', 157),
(1433, 'pt_BR', 'Nepal', 158),
(1434, 'pt_BR', 'Holanda', 159),
(1435, 'pt_BR', 'Nova Caledônia', 160),
(1436, 'pt_BR', 'Nova Zelândia', 161),
(1437, 'pt_BR', 'Nicarágua', 162),
(1438, 'pt_BR', 'Níger', 163),
(1439, 'pt_BR', 'Nigéria', 164),
(1440, 'pt_BR', 'Niue', 165),
(1441, 'pt_BR', 'Ilha Norfolk', 166),
(1442, 'pt_BR', 'Coréia do Norte', 167),
(1443, 'pt_BR', 'Ilhas Marianas do Norte', 168),
(1444, 'pt_BR', 'Noruega', 169),
(1445, 'pt_BR', 'Omã', 170),
(1446, 'pt_BR', 'Paquistão', 171),
(1447, 'pt_BR', 'Palau', 172),
(1448, 'pt_BR', 'Territórios Palestinos', 173),
(1449, 'pt_BR', 'Panamá', 174),
(1450, 'pt_BR', 'Papua Nova Guiné', 175),
(1451, 'pt_BR', 'Paraguai', 176),
(1452, 'pt_BR', 'Peru', 177),
(1453, 'pt_BR', 'Filipinas', 178),
(1454, 'pt_BR', 'Ilhas Pitcairn', 179),
(1455, 'pt_BR', 'Polônia', 180),
(1456, 'pt_BR', 'Portugal', 181),
(1457, 'pt_BR', 'Porto Rico', 182),
(1458, 'pt_BR', 'Catar', 183),
(1459, 'pt_BR', 'Reunião', 184),
(1460, 'pt_BR', 'Romênia', 185),
(1461, 'pt_BR', 'Rússia', 186),
(1462, 'pt_BR', 'Ruanda', 187),
(1463, 'pt_BR', 'Samoa', 188),
(1464, 'pt_BR', 'São Marinho', 189),
(1465, 'pt_BR', 'São Cristóvão e Nevis', 190),
(1466, 'pt_BR', 'Arábia Saudita', 191),
(1467, 'pt_BR', 'Senegal', 192),
(1468, 'pt_BR', 'Sérvia', 193),
(1469, 'pt_BR', 'Seychelles', 194),
(1470, 'pt_BR', 'Serra Leoa', 195),
(1471, 'pt_BR', 'Cingapura', 196),
(1472, 'pt_BR', 'São Martinho', 197),
(1473, 'pt_BR', 'Eslováquia', 198),
(1474, 'pt_BR', 'Eslovênia', 199),
(1475, 'pt_BR', 'Ilhas Salomão', 200),
(1476, 'pt_BR', 'Somália', 201),
(1477, 'pt_BR', 'África do Sul', 202),
(1478, 'pt_BR', 'Ilhas Geórgia do Sul e Sandwich do Sul', 203),
(1479, 'pt_BR', 'Coréia do Sul', 204),
(1480, 'pt_BR', 'Sudão do Sul', 205),
(1481, 'pt_BR', 'Espanha', 206),
(1482, 'pt_BR', 'Sri Lanka', 207),
(1483, 'pt_BR', 'São Bartolomeu', 208),
(1484, 'pt_BR', 'Santa Helena', 209),
(1485, 'pt_BR', 'São Cristóvão e Nevis', 210),
(1486, 'pt_BR', 'Santa Lúcia', 211),
(1487, 'pt_BR', 'São Martinho', 212),
(1488, 'pt_BR', 'São Pedro e Miquelon', 213),
(1489, 'pt_BR', 'São Vicente e Granadinas', 214),
(1490, 'pt_BR', 'Sudão', 215),
(1491, 'pt_BR', 'Suriname', 216),
(1492, 'pt_BR', 'Svalbard e Jan Mayen', 217),
(1493, 'pt_BR', 'Suazilândia', 218),
(1494, 'pt_BR', 'Suécia', 219),
(1495, 'pt_BR', 'Suíça', 220),
(1496, 'pt_BR', 'Síria', 221),
(1497, 'pt_BR', 'Taiwan', 222),
(1498, 'pt_BR', 'Tajiquistão', 223),
(1499, 'pt_BR', 'Tanzânia', 224),
(1500, 'pt_BR', 'Tailândia', 225),
(1501, 'pt_BR', 'Timor-Leste', 226),
(1502, 'pt_BR', 'Togo', 227),
(1503, 'pt_BR', 'Tokelau', 228),
(1504, 'pt_BR', 'Tonga', 229),
(1505, 'pt_BR', 'Trinidad e Tobago', 230),
(1506, 'pt_BR', 'Tristan da Cunha', 231),
(1507, 'pt_BR', 'Tunísia', 232),
(1508, 'pt_BR', 'Turquia', 233),
(1509, 'pt_BR', 'Turquemenistão', 234),
(1510, 'pt_BR', 'Ilhas Turks e Caicos', 235),
(1511, 'pt_BR', 'Tuvalu', 236),
(1512, 'pt_BR', 'Ilhas periféricas dos EUA', 237),
(1513, 'pt_BR', 'Ilhas Virgens dos EUA', 238),
(1514, 'pt_BR', 'Uganda', 239),
(1515, 'pt_BR', 'Ucrânia', 240),
(1516, 'pt_BR', 'Emirados Árabes Unidos', 241),
(1517, 'pt_BR', 'Reino Unido', 242),
(1518, 'pt_BR', 'Nações Unidas', 243),
(1519, 'pt_BR', 'Estados Unidos', 244),
(1520, 'pt_BR', 'Uruguai', 245),
(1521, 'pt_BR', 'Uzbequistão', 246),
(1522, 'pt_BR', 'Vanuatu', 247),
(1523, 'pt_BR', 'Cidade do Vaticano', 248),
(1524, 'pt_BR', 'Venezuela', 249),
(1525, 'pt_BR', 'Vietnã', 250),
(1526, 'pt_BR', 'Wallis e Futuna', 251),
(1527, 'pt_BR', 'Saara Ocidental', 252),
(1528, 'pt_BR', 'Iêmen', 253),
(1529, 'pt_BR', 'Zâmbia', 254),
(1530, 'pt_BR', 'Zimbábue', 255);

--
-- Dumping data for table `currencies`
--

INSERT INTO `currencies` (`id`, `code`, `name`, `created_at`, `updated_at`, `symbol`) VALUES
(1, 'USD', 'US Dollar', NULL, NULL, NULL);

--
-- Dumping data for table `customers`
--

INSERT INTO `customers` (`id`, `first_name`, `last_name`, `gender`, `date_of_birth`, `email`, `status`, `password`, `api_token`, `customer_group_id`, `subscribed_to_news_letter`, `remember_token`, `created_at`, `updated_at`, `is_verified`, `token`, `notes`, `phone`) VALUES
(1, 'aaa', 'aaaa', 'Male', '0000-00-00', 'aaaa@aa.aa', 1, '$2y$10$oT64tNSAf5N2bzui/v6Z7.E1jwP0yOXn6y1JtgIEhqVL11sTh70qa', NULL, 2, 0, NULL, '2020-03-03 14:15:58', '2020-03-03 14:15:58', 1, NULL, NULL, '');

--
-- Dumping data for table `customer_groups`
--

INSERT INTO `customer_groups` (`id`, `name`, `is_user_defined`, `created_at`, `updated_at`, `code`) VALUES
(1, 'Guest', 0, NULL, NULL, 'guest'),
(2, 'General', 0, NULL, NULL, 'general'),
(3, 'Wholesale', 0, NULL, NULL, 'wholesale');

--
-- Dumping data for table `inventory_sources`
--

INSERT INTO `inventory_sources` (`id`, `code`, `name`, `description`, `contact_name`, `contact_email`, `contact_number`, `contact_fax`, `country`, `state`, `city`, `street`, `postcode`, `priority`, `latitude`, `longitude`, `status`, `created_at`, `updated_at`) VALUES
(1, 'default', 'Default', NULL, 'Detroit Warehouse', 'warehouse@example.com', '1234567899', NULL, 'US', 'MI', 'Detroit', '12th Street', '48127', 0, NULL, NULL, 1, NULL, NULL);

--
-- Dumping data for table `locales`
--

INSERT INTO `locales` (`id`, `code`, `name`, `created_at`, `updated_at`, `direction`, `locale_image`) VALUES
(1, 'en', 'English', NULL, '2020-04-20 11:01:12', 'ltr', 'velocity/locale_image/1/SFdWKMESfyekWsozq1Djk57K2YRBiYYeyFMpJdQN.png'),
(2, 'ru', 'Russian', '2020-03-02 13:17:12', '2020-04-20 11:00:40', 'ltr', 'velocity/locale_image/2/NN1Jcx1pvk5WtKZvacFI7N44GueP8Pcua58oJiZo.png'),
(3, 'hy', 'Armenia', '2020-04-20 10:44:23', '2020-04-20 11:01:40', 'ltr', 'velocity/locale_image/3/AIWBqSOiglWnq4jIPaaQqVL46ZGqbJevgysOWwgd.png');

--
-- Dumping data for table `matrix`
--

INSERT INTO `matrix` (`id`, `image`, `file`, `created_at`, `updated_at`) VALUES
(18, 'matrix/18/5IyqiEg8FGsd9ltjF7qvsBo3I32qAqCYGknualDK.jpeg', 'matrix/18/eeV3T4cPmgQpeHbapj9axOCuUnuw939YyJhuyCRh.pdf', '2020-04-08 12:41:24', '2020-04-08 12:41:25');

--
-- Dumping data for table `matrix_translations`
--

INSERT INTO `matrix_translations` (`id`, `name`, `slug`, `matrix_id`, `locale`) VALUES
(33, 'Matrix 1', '', 18, 'en'),
(34, 'Matrix 1', '', 18, 'ru');

--
-- Dumping data for table `migrations`
--

INSERT INTO `migrations` (`id`, `migration`, `batch`) VALUES
(1, '2014_10_12_000000_create_users_table', 1),
(2, '2014_10_12_100000_create_admin_password_resets_table', 1),
(3, '2014_10_12_100000_create_password_resets_table', 1),
(4, '2018_06_12_111907_create_admins_table', 1),
(5, '2018_06_13_055341_create_roles_table', 1),
(6, '2018_07_05_130148_create_attributes_table', 1),
(7, '2018_07_05_132854_create_attribute_translations_table', 1),
(8, '2018_07_05_135150_create_attribute_families_table', 1),
(9, '2018_07_05_135152_create_attribute_groups_table', 1),
(10, '2018_07_05_140832_create_attribute_options_table', 1),
(11, '2018_07_05_140856_create_attribute_option_translations_table', 1),
(12, '2018_07_05_142820_create_categories_table', 1),
(13, '2018_07_10_055143_create_locales_table', 1),
(14, '2018_07_20_054426_create_countries_table', 1),
(15, '2018_07_20_054502_create_currencies_table', 1),
(16, '2018_07_20_054542_create_currency_exchange_rates_table', 1),
(17, '2018_07_20_064849_create_channels_table', 1),
(18, '2018_07_21_142836_create_category_translations_table', 1),
(19, '2018_07_23_110040_create_inventory_sources_table', 1),
(20, '2018_07_24_082635_create_customer_groups_table', 1),
(21, '2018_07_24_082930_create_customers_table', 1),
(22, '2018_07_24_083025_create_customer_addresses_table', 1),
(23, '2018_07_27_065727_create_products_table', 1),
(24, '2018_07_27_070011_create_product_attribute_values_table', 1),
(25, '2018_07_27_092623_create_product_reviews_table', 1),
(26, '2018_07_27_113941_create_product_images_table', 1),
(27, '2018_07_27_113956_create_product_inventories_table', 1),
(28, '2018_08_03_114203_create_sliders_table', 1),
(29, '2018_08_30_064755_create_tax_categories_table', 1),
(30, '2018_08_30_065042_create_tax_rates_table', 1),
(31, '2018_08_30_065840_create_tax_mappings_table', 1),
(32, '2018_09_05_150444_create_cart_table', 1),
(33, '2018_09_05_150915_create_cart_items_table', 1),
(34, '2018_09_11_064045_customer_password_resets', 1),
(35, '2018_09_19_092845_create_cart_address', 1),
(36, '2018_09_19_093453_create_cart_payment', 1),
(37, '2018_09_19_093508_create_cart_shipping_rates_table', 1),
(38, '2018_09_20_060658_create_core_config_table', 1),
(39, '2018_09_27_113154_create_orders_table', 1),
(40, '2018_09_27_113207_create_order_items_table', 1),
(41, '2018_09_27_113405_create_order_address_table', 1),
(42, '2018_09_27_115022_create_shipments_table', 1),
(43, '2018_09_27_115029_create_shipment_items_table', 1),
(44, '2018_09_27_115135_create_invoices_table', 1),
(45, '2018_09_27_115144_create_invoice_items_table', 1),
(46, '2018_10_01_095504_create_order_payment_table', 1),
(47, '2018_10_03_025230_create_wishlist_table', 1),
(48, '2018_10_12_101803_create_country_translations_table', 1),
(49, '2018_10_12_101913_create_country_states_table', 1),
(50, '2018_10_12_101923_create_country_state_translations_table', 1),
(51, '2018_11_15_153257_alter_order_table', 1),
(52, '2018_11_15_163729_alter_invoice_table', 1),
(53, '2018_11_16_173504_create_subscribers_list_table', 1),
(54, '2018_11_17_165758_add_is_verified_column_in_customers_table', 1),
(55, '2018_11_21_144411_create_cart_item_inventories_table', 1),
(56, '2018_11_26_110500_change_gender_column_in_customers_table', 1),
(57, '2018_11_27_174449_change_content_column_in_sliders_table', 1),
(58, '2018_12_05_132625_drop_foreign_key_core_config_table', 1),
(59, '2018_12_05_132629_alter_core_config_table', 1),
(60, '2018_12_06_185202_create_product_flat_table', 1),
(61, '2018_12_21_101307_alter_channels_table', 1),
(62, '2018_12_24_123812_create_channel_inventory_sources_table', 1),
(63, '2018_12_24_184402_alter_shipments_table', 1),
(64, '2018_12_26_165327_create_product_ordered_inventories_table', 1),
(65, '2018_12_31_161114_alter_channels_category_table', 1),
(66, '2019_01_11_122452_add_vendor_id_column_in_product_inventories_table', 1),
(67, '2019_01_25_124522_add_updated_at_column_in_product_flat_table', 1),
(68, '2019_01_29_123053_add_min_price_and_max_price_column_in_product_flat_table', 1),
(69, '2019_01_31_164117_update_value_column_type_to_text_in_core_config_table', 1),
(70, '2019_02_21_145238_alter_product_reviews_table', 1),
(71, '2019_02_21_152709_add_swatch_type_column_in_attributes_table', 1),
(72, '2019_02_21_153035_alter_customer_id_in_product_reviews_table', 1),
(73, '2019_02_21_153851_add_swatch_value_columns_in_attribute_options_table', 1),
(74, '2019_03_15_123337_add_display_mode_column_in_categories_table', 1),
(75, '2019_03_28_103658_add_notes_column_in_customers_table', 1),
(76, '2019_04_24_155820_alter_product_flat_table', 1),
(77, '2019_05_13_024320_remove_tables', 1),
(78, '2019_05_13_024321_create_cart_rules_table', 1),
(79, '2019_05_13_024322_create_cart_rule_channels_table', 1),
(80, '2019_05_13_024323_create_cart_rule_customer_groups_table', 1),
(81, '2019_05_13_024324_create_cart_rule_translations_table', 1),
(82, '2019_05_13_024325_create_cart_rule_customers_table', 1),
(83, '2019_05_13_024326_create_cart_rule_coupons_table', 1),
(84, '2019_05_13_024327_create_cart_rule_coupon_usage_table', 1),
(85, '2019_05_22_165833_update_zipcode_column_type_to_varchar_in_cart_address_table', 1),
(86, '2019_05_23_113407_add_remaining_column_in_product_flat_table', 1),
(87, '2019_05_23_155520_add_discount_columns_in_invoice_items_table', 1),
(88, '2019_05_23_184029_rename_discount_columns_in_cart_table', 1),
(89, '2019_06_04_114009_add_phone_column_in_customers_table', 1),
(90, '2019_06_06_195905_update_custom_price_to_nullable_in_cart_items', 1),
(91, '2019_06_15_183412_add_code_column_in_customer_groups_table', 1),
(92, '2019_06_17_180258_create_product_downloadable_samples_table', 1),
(93, '2019_06_17_180314_create_product_downloadable_sample_translations_table', 1),
(94, '2019_06_17_180325_create_product_downloadable_links_table', 1),
(95, '2019_06_17_180346_create_product_downloadable_link_translations_table', 1),
(96, '2019_06_19_162817_remove_unique_in_phone_column_in_customers_table', 1),
(97, '2019_06_21_130512_update_weight_column_deafult_value_in_cart_items_table', 1),
(98, '2019_06_21_202249_create_downloadable_link_purchased_table', 1),
(99, '2019_07_05_114157_add_symbol_column_in_currencies_table', 1),
(100, '2019_07_11_151210_add_locale_id_in_category_translations', 1),
(101, '2019_07_23_033128_alter_locales_table', 1),
(102, '2019_07_23_174708_create_velocity_contents_table', 1),
(103, '2019_07_23_175212_create_velocity_contents_translations_table', 1),
(104, '2019_07_29_142734_add_use_in_flat_column_in_attributes_table', 1),
(105, '2019_07_30_153530_create_cms_pages_table', 1),
(106, '2019_07_31_143339_create_category_filterable_attributes_table', 1),
(107, '2019_08_02_105320_create_product_grouped_products_table', 1),
(108, '2019_08_12_184925_add_additional_cloumn_in_wishlist_table', 1),
(109, '2019_08_20_170510_create_product_bundle_options_table', 1),
(110, '2019_08_20_170520_create_product_bundle_option_translations_table', 1),
(111, '2019_08_20_170528_create_product_bundle_option_products_table', 1),
(112, '2019_08_21_123707_add_seo_column_in_channels_table', 1),
(113, '2019_09_11_184511_create_refunds_table', 1),
(114, '2019_09_11_184519_create_refund_items_table', 1),
(115, '2019_09_26_163950_remove_channel_id_from_customers_table', 1),
(116, '2019_10_03_105451_change_rate_column_in_currency_exchange_rates_table', 1),
(117, '2019_10_21_105136_order_brands', 1),
(118, '2019_10_24_173358_change_postcode_column_type_in_order_address_table', 1),
(119, '2019_10_24_173437_change_postcode_column_type_in_cart_address_table', 1),
(120, '2019_10_24_173507_change_postcode_column_type_in_customer_addresses_table', 1),
(121, '2019_11_21_194541_add_column_url_path_to_category_translations', 1),
(122, '2019_11_21_194608_add_stored_function_to_get_url_path_of_category', 1),
(123, '2019_11_21_194627_add_trigger_to_category_translations', 1),
(124, '2019_11_21_194648_add_url_path_to_existing_category_translations', 1),
(125, '2019_11_21_194703_add_trigger_to_categories', 1),
(126, '2019_11_25_171136_add_applied_cart_rule_ids_column_in_cart_table', 1),
(127, '2019_11_25_171208_add_applied_cart_rule_ids_column_in_cart_items_table', 1),
(128, '2019_11_30_124437_add_applied_cart_rule_ids_column_in_orders_table', 1),
(129, '2019_11_30_165644_add_discount_columns_in_cart_shipping_rates_table', 1),
(130, '2019_12_03_175253_create_remove_catalog_rule_tables', 1),
(131, '2019_12_03_184613_create_catalog_rules_table', 1),
(132, '2019_12_03_184651_create_catalog_rule_channels_table', 1),
(133, '2019_12_03_184732_create_catalog_rule_customer_groups_table', 1),
(134, '2019_12_06_101110_create_catalog_rule_products_table', 1),
(135, '2019_12_06_110507_create_catalog_rule_product_prices_table', 1),
(136, '2019_12_30_155256_create_velocity_meta_data', 1),
(137, '2020_01_02_201029_add_api_token_columns', 1),
(138, '2020_01_06_173505_alter_trigger_category_translations', 1),
(139, '2020_01_06_173524_alter_stored_function_url_path_category', 1),
(140, '2020_01_06_195305_alter_trigger_on_categories', 1),
(141, '2020_01_09_154851_add_shipping_discount_columns_in_orders_table', 1),
(142, '2020_01_09_202815_add_inventory_source_name_column_in_shipments_table', 1),
(143, '2020_01_10_122226_update_velocity_meta_data', 1),
(144, '2020_01_10_151902_customer_address_improvements', 1),
(145, '2020_01_13_131431_alter_float_value_column_type_in_product_attribute_values_table', 1),
(146, '2020_01_13_155803_add_velocity_locale_icon', 1),
(147, '2020_01_13_192149_add_category_velocity_meta_data', 1),
(148, '2020_01_14_191854_create_cms_page_translations_table', 1),
(149, '2020_01_14_192206_remove_columns_from_cms_pages_table', 1),
(150, '2020_01_15_130209_create_cms_page_channels_table', 1),
(151, '2020_01_15_145637_add_product_policy', 1),
(152, '2020_01_15_152121_add_banner_link', 1),
(153, '2020_01_28_102422_add_new_column_and_rename_name_column_in_customer_addresses_table', 1),
(154, '2020_01_29_124748_alter_name_column_in_country_state_translations_table', 1),
(160, '2020_02_29_192919_create_matrix_table', 2),
(161, '2020_02_29_192959_create_matrix_translations_table', 2);

--
-- Dumping data for table `products`
--

INSERT INTO `products` (`id`, `sku`, `type`, `created_at`, `updated_at`, `parent_id`, `attribute_family_id`) VALUES
(1, '1111111', 'grouped', '2020-03-02 13:17:57', '2020-03-02 13:17:57', NULL, 1),
(2, '11111111', 'simple', '2020-03-02 13:22:24', '2020-03-02 13:22:24', NULL, 1),
(3, '2222222', 'simple', '2020-03-02 13:29:27', '2020-03-02 13:29:27', NULL, 1),
(5, '8888', 'simple', '2020-03-02 16:16:50', '2020-03-02 16:16:50', NULL, 1),
(6, '4444444', 'simple', '2020-03-03 13:32:59', '2020-03-03 13:32:59', NULL, 1),
(7, '2222', 'simple', '2020-03-16 15:08:43', '2020-03-16 15:08:43', NULL, 1),
(8, 'aaaaa', 'simple', '2020-03-16 15:53:41', '2020-03-16 15:53:41', NULL, 1),
(10, '111111', 'simple', '2020-03-16 16:03:39', '2020-03-16 16:03:39', NULL, 1),
(11, '222222', 'simple', '2020-03-16 16:09:15', '2020-03-16 16:09:15', NULL, 1);

--
-- Dumping data for table `product_attribute_values`
--

INSERT INTO `product_attribute_values` (`id`, `locale`, `channel`, `text_value`, `boolean_value`, `integer_value`, `float_value`, `datetime_value`, `date_value`, `json_value`, `product_id`, `attribute_id`) VALUES
(26, 'en', 'default', '<p>aaaaaa</p>', NULL, NULL, NULL, NULL, NULL, NULL, 10, 9),
(27, 'en', 'default', '<p>aaaaaaaaaaaa</p>', NULL, NULL, NULL, NULL, NULL, NULL, 10, 10),
(28, NULL, NULL, '111111', NULL, NULL, NULL, NULL, NULL, NULL, 10, 1),
(29, 'en', 'default', 'Test', NULL, NULL, NULL, NULL, NULL, NULL, 10, 2),
(30, NULL, NULL, 'test', NULL, NULL, NULL, NULL, NULL, NULL, 10, 3),
(31, NULL, 'default', NULL, NULL, 0, NULL, NULL, NULL, NULL, 10, 4),
(32, NULL, NULL, NULL, 0, NULL, NULL, NULL, NULL, NULL, 10, 5),
(33, NULL, NULL, NULL, 0, NULL, NULL, NULL, NULL, NULL, 10, 6),
(34, NULL, NULL, NULL, 1, NULL, NULL, NULL, NULL, NULL, 10, 7),
(35, NULL, NULL, NULL, 1, NULL, NULL, NULL, NULL, NULL, 10, 8),
(36, NULL, NULL, NULL, 1, NULL, NULL, NULL, NULL, NULL, 10, 26),
(37, NULL, NULL, '5000', NULL, NULL, NULL, NULL, NULL, NULL, 10, 27),
(38, 'en', 'default', '', NULL, NULL, NULL, NULL, NULL, NULL, 10, 16),
(39, 'en', 'default', '', NULL, NULL, NULL, NULL, NULL, NULL, 10, 17),
(40, 'en', 'default', '', NULL, NULL, NULL, NULL, NULL, NULL, 10, 18),
(41, NULL, NULL, NULL, NULL, NULL, '500.0000', NULL, NULL, NULL, 10, 11),
(42, NULL, 'default', NULL, NULL, NULL, '100.0000', NULL, NULL, NULL, 10, 12),
(43, NULL, NULL, NULL, NULL, NULL, '100.0000', NULL, NULL, NULL, 10, 13),
(44, NULL, 'default', NULL, NULL, NULL, NULL, NULL, '2020-04-18', NULL, 10, 14),
(45, NULL, 'default', NULL, NULL, NULL, NULL, NULL, '2020-05-09', NULL, 10, 15),
(46, NULL, NULL, '111', NULL, NULL, NULL, NULL, NULL, NULL, 10, 22),
(47, 'en', 'default', '<p>test2</p>', NULL, NULL, NULL, NULL, NULL, NULL, 11, 9),
(48, 'en', 'default', '<p>test2.........</p>', NULL, NULL, NULL, NULL, NULL, NULL, 11, 10),
(49, NULL, NULL, '222222', NULL, NULL, NULL, NULL, NULL, NULL, 11, 1),
(50, 'en', 'default', 'test2', NULL, NULL, NULL, NULL, NULL, NULL, 11, 2),
(51, NULL, NULL, 'test2', NULL, NULL, NULL, NULL, NULL, NULL, 11, 3),
(52, NULL, 'default', NULL, NULL, 0, NULL, NULL, NULL, NULL, 11, 4),
(53, NULL, NULL, NULL, 1, NULL, NULL, NULL, NULL, NULL, 11, 5),
(54, NULL, NULL, NULL, 0, NULL, NULL, NULL, NULL, NULL, 11, 6),
(55, NULL, NULL, NULL, 1, NULL, NULL, NULL, NULL, NULL, 11, 7),
(56, NULL, NULL, NULL, 1, NULL, NULL, NULL, NULL, NULL, 11, 8),
(57, NULL, NULL, NULL, 1, NULL, NULL, NULL, NULL, NULL, 11, 26),
(58, NULL, NULL, '2000', NULL, NULL, NULL, NULL, NULL, NULL, 11, 27),
(59, 'en', 'default', '', NULL, NULL, NULL, NULL, NULL, NULL, 11, 16),
(60, 'en', 'default', '', NULL, NULL, NULL, NULL, NULL, NULL, 11, 17),
(61, 'en', 'default', '', NULL, NULL, NULL, NULL, NULL, NULL, 11, 18),
(62, NULL, NULL, NULL, NULL, NULL, '100.0000', NULL, NULL, NULL, 11, 11),
(63, NULL, 'default', NULL, NULL, NULL, NULL, NULL, NULL, NULL, 11, 12),
(64, NULL, NULL, NULL, NULL, NULL, NULL, NULL, NULL, NULL, 11, 13),
(65, NULL, 'default', NULL, NULL, NULL, NULL, NULL, NULL, NULL, 11, 14),
(66, NULL, 'default', NULL, NULL, NULL, NULL, NULL, NULL, NULL, 11, 15),
(67, NULL, NULL, '100', NULL, NULL, NULL, NULL, NULL, NULL, 11, 22);

--
-- Dumping data for table `product_categories`
--

INSERT INTO `product_categories` (`product_id`, `category_id`) VALUES
(10, 1),
(10, 2),
(11, 1),
(11, 2);

--
-- Dumping data for table `product_cross_sells`
--

INSERT INTO `product_cross_sells` (`parent_id`, `child_id`) VALUES
(11, 10);

--
-- Dumping data for table `product_flat`
--

INSERT INTO `product_flat` (`id`, `sku`, `name`, `description`, `url_key`, `new`, `featured`, `status`, `thumbnail`, `price`, `cost`, `special_price`, `special_price_from`, `special_price_to`, `weight`, `color`, `color_label`, `size`, `size_label`, `created_at`, `locale`, `channel`, `product_id`, `updated_at`, `parent_id`, `visible_individually`, `min_price`, `max_price`, `short_description`, `meta_title`, `meta_keywords`, `meta_description`, `width`, `height`, `depth`, `volume`) VALUES
(1, '', NULL, NULL, NULL, NULL, NULL, NULL, NULL, NULL, NULL, NULL, NULL, NULL, NULL, NULL, NULL, NULL, NULL, '2020-03-02 17:17:57', 'en', 'default', 1, '2020-03-02 17:17:57', NULL, NULL, '0.0000', '0.0000', NULL, NULL, NULL, NULL, NULL, NULL, NULL, NULL),
(2, '', NULL, NULL, NULL, NULL, NULL, NULL, NULL, NULL, NULL, NULL, NULL, NULL, NULL, NULL, NULL, NULL, NULL, '2020-03-02 17:22:24', 'en', 'default', 2, '2020-03-02 17:22:24', NULL, NULL, NULL, NULL, NULL, NULL, NULL, NULL, NULL, NULL, NULL, NULL),
(3, '', NULL, NULL, NULL, NULL, NULL, NULL, NULL, NULL, NULL, NULL, NULL, NULL, NULL, NULL, NULL, NULL, NULL, '2020-03-02 17:22:24', 'ru', 'default', 2, '2020-03-02 17:22:24', NULL, NULL, NULL, NULL, NULL, NULL, NULL, NULL, NULL, NULL, NULL, NULL),
(4, '', NULL, NULL, NULL, NULL, NULL, NULL, NULL, NULL, NULL, NULL, NULL, NULL, NULL, NULL, NULL, NULL, NULL, '2020-03-02 17:29:27', 'en', 'default', 3, '2020-03-02 17:29:27', NULL, NULL, NULL, NULL, NULL, NULL, NULL, NULL, NULL, NULL, NULL, NULL),
(5, '', NULL, NULL, NULL, NULL, NULL, NULL, NULL, NULL, NULL, NULL, NULL, NULL, NULL, NULL, NULL, NULL, NULL, '2020-03-02 17:29:27', 'ru', 'default', 3, '2020-03-02 17:29:27', NULL, NULL, NULL, NULL, NULL, NULL, NULL, NULL, NULL, NULL, NULL, NULL),
(8, '', NULL, NULL, NULL, NULL, NULL, NULL, NULL, NULL, NULL, NULL, NULL, NULL, NULL, NULL, NULL, NULL, NULL, '2020-03-02 20:16:50', 'en', 'default', 5, '2020-03-02 20:16:50', NULL, NULL, NULL, NULL, NULL, NULL, NULL, NULL, NULL, NULL, NULL, NULL),
(9, '', NULL, NULL, NULL, NULL, NULL, NULL, NULL, NULL, NULL, NULL, NULL, NULL, NULL, NULL, NULL, NULL, NULL, '2020-03-02 20:16:50', 'ru', 'default', 5, '2020-03-02 20:16:50', NULL, NULL, NULL, NULL, NULL, NULL, NULL, NULL, NULL, NULL, NULL, NULL),
(10, '', NULL, NULL, NULL, NULL, NULL, NULL, NULL, NULL, NULL, NULL, NULL, NULL, NULL, NULL, NULL, NULL, NULL, '2020-03-03 17:32:59', 'en', 'default', 6, '2020-03-03 17:32:59', NULL, NULL, NULL, NULL, NULL, NULL, NULL, NULL, NULL, NULL, NULL, NULL),
(11, '', NULL, NULL, NULL, NULL, NULL, NULL, NULL, NULL, NULL, NULL, NULL, NULL, NULL, NULL, NULL, NULL, NULL, '2020-03-03 17:32:59', 'ru', 'default', 6, '2020-03-03 17:32:59', NULL, NULL, NULL, NULL, NULL, NULL, NULL, NULL, NULL, NULL, NULL, NULL),
(12, '', NULL, NULL, NULL, NULL, NULL, NULL, NULL, NULL, NULL, NULL, NULL, NULL, NULL, NULL, NULL, NULL, NULL, '2020-03-16 19:08:43', 'en', 'default', 7, '2020-03-16 19:08:43', NULL, NULL, NULL, NULL, NULL, NULL, NULL, NULL, NULL, NULL, NULL, NULL),
(13, '', NULL, NULL, NULL, NULL, NULL, NULL, NULL, NULL, NULL, NULL, NULL, NULL, NULL, NULL, NULL, NULL, NULL, '2020-03-16 19:08:43', 'ru', 'default', 7, '2020-03-16 19:08:43', NULL, NULL, NULL, NULL, NULL, NULL, NULL, NULL, NULL, NULL, NULL, NULL),
(14, '', NULL, NULL, NULL, NULL, NULL, NULL, NULL, NULL, NULL, NULL, NULL, NULL, NULL, NULL, NULL, NULL, NULL, '2020-03-16 19:53:41', 'en', 'default', 8, '2020-03-16 19:53:41', NULL, NULL, NULL, NULL, NULL, NULL, NULL, NULL, NULL, NULL, NULL, NULL),
(15, '', NULL, NULL, NULL, NULL, NULL, NULL, NULL, NULL, NULL, NULL, NULL, NULL, NULL, NULL, NULL, NULL, NULL, '2020-03-16 19:53:41', 'ru', 'default', 8, '2020-03-16 19:53:41', NULL, NULL, NULL, NULL, NULL, NULL, NULL, NULL, NULL, NULL, NULL, NULL),
(18, '111111', 'Test', '<p>aaaaaaaaaaaa</p>', 'test', 0, 0, 1, NULL, '500.0000', '100.0000', '100.0000', '2020-04-18', '2020-05-09', '111.0000', NULL, NULL, NULL, NULL, '2020-03-16 20:03:39', 'en', 'default', 10, '2020-03-16 20:03:39', NULL, 1, '100.0000', '100.0000', '<p>aaaaaa</p>', '', '', '', NULL, NULL, NULL, '5000'),
(19, '111111', NULL, NULL, 'test', 0, 0, 1, NULL, '500.0000', '100.0000', '100.0000', '2020-04-18', '2020-05-09', '111.0000', NULL, NULL, NULL, NULL, '2020-03-16 20:03:39', 'ru', 'default', 10, '2020-03-16 20:03:39', NULL, 1, '100.0000', '100.0000', NULL, NULL, NULL, NULL, NULL, NULL, NULL, '5000'),
(20, '222222', 'test2', '<p>test2.........</p>', 'test2', 1, 0, 1, NULL, '100.0000', NULL, NULL, NULL, NULL, '100.0000', NULL, NULL, NULL, NULL, '2020-03-16 20:09:15', 'en', 'default', 11, '2020-03-16 20:09:15', NULL, 1, '100.0000', '100.0000', '<p>test2</p>', '', '', '', NULL, NULL, NULL, '2000'),
(21, '222222', NULL, NULL, 'test2', 1, 0, 1, NULL, '100.0000', NULL, NULL, NULL, NULL, '100.0000', NULL, NULL, NULL, NULL, '2020-03-16 20:09:15', 'ru', 'default', 11, '2020-03-16 20:09:15', NULL, 1, '100.0000', '100.0000', NULL, NULL, NULL, NULL, NULL, NULL, NULL, '2000');

--
-- Dumping data for table `product_images`
--

INSERT INTO `product_images` (`id`, `type`, `path`, `product_id`) VALUES
(2, NULL, 'product/10/JWk1LmFanRFg9cT3AoezDrwT0E7pqNSBMj9Ed52B.png', 10),
(3, NULL, 'product/10/8q2o7mT7Av7xOHpbJkDZlOQzZsfBnJwDPHDJna6g.png', 10),
(4, NULL, 'product/11/XnIIXVaOBBvD0El6YUpi7tewAsiwHliV4OgmG3vV.png', 11),
(5, NULL, 'product/11/ksghQ9g9RrNElzWeCRaV0CnHYXgdsg0gpTgGhBaZ.png', 11);

--
-- Dumping data for table `product_inventories`
--

INSERT INTO `product_inventories` (`id`, `qty`, `product_id`, `inventory_source_id`, `vendor_id`) VALUES
(2, 100, 10, 1, 0),
(3, 1000, 11, 1, 0);

--
-- Dumping data for table `product_relations`
--

INSERT INTO `product_relations` (`parent_id`, `child_id`) VALUES
(11, 10);

--
-- Dumping data for table `product_up_sells`
--

INSERT INTO `product_up_sells` (`parent_id`, `child_id`) VALUES
(11, 10);

--
-- Dumping data for table `roles`
--

INSERT INTO `roles` (`id`, `name`, `description`, `permission_type`, `permissions`, `created_at`, `updated_at`) VALUES
(1, 'Administrator', 'Administrator rolem', 'all', NULL, NULL, NULL);

--
-- Dumping data for table `sliders`
--

INSERT INTO `sliders` (`id`, `title`, `path`, `content`, `channel_id`, `created_at`, `updated_at`, `slider_path`) VALUES
(1, 'Home slider', 'slider_images/Default/rD4vzZpmFjs8DvDqLqLpe94YGY3d6IB6xmRMEPql.jpeg', '', 1, '2020-03-04 16:26:57', '2020-03-04 16:49:51', ''),
(2, 'Home slider', 'slider_images/Default/GkpQ80G0CdSHGQ19vXaLWS3tl2hgAuvcKBRgynRa.jpeg', '', 1, '2020-03-04 16:55:53', '2020-03-04 17:10:41', '');

--
-- Dumping data for table `velocity_meta_data`
--

INSERT INTO `velocity_meta_data` (`id`, `home_page_content`, `footer_left_content`, `footer_middle_content`, `slider`, `advertisement`, `sidebar_category_count`, `featured_product_count`, `new_products_count`, `subscription_bar_content`, `created_at`, `updated_at`, `product_view_images`, `product_policy`) VALUES
(1, '<p>@include(\'shop::home.advertisements.advertisement-four\')@include(\'shop::home.featured-products\') @include(\'shop::home.product-policy\') @include(\'shop::home.advertisements.advertisement-three\') @include(\'shop::home.new-products\') @include(\'shop::home.advertisements.advertisement-two\')</p>', '<p>We love to craft softwares and solve the real world problems with the binaries. We are highly committed to our goals. We invest our resources to create world class easy to use softwares and applications for the enterprise business with the top notch, on the edge technology expertise.</p>', '<div class=\"col-lg-6 col-md-12 col-sm-12 no-padding\"><ul type=\"none\"><li><a href=\"https://webkul.com/about-us/company-profile/\">About Us</a></li><li><a href=\"https://webkul.com/about-us/company-profile/\">Customer Service</a></li><li><a href=\"https://webkul.com/about-us/company-profile/\">What&rsquo;s New</a></li><li><a href=\"https://webkul.com/about-us/company-profile/\">Contact Us </a></li></ul></div><div class=\"col-lg-6 col-md-12 col-sm-12 no-padding\"><ul type=\"none\"><li><a href=\"https://webkul.com/about-us/company-profile/\"> Order and Returns </a></li><li><a href=\"https://webkul.com/about-us/company-profile/\"> Payment Policy </a></li><li><a href=\"https://webkul.com/about-us/company-profile/\"> Shipping Policy</a></li><li><a href=\"https://webkul.com/about-us/company-profile/\"> Privacy and Cookies Policy </a></li></ul></div>', 1, NULL, 9, 10, 10, '<div class=\"social-icons col-lg-6\"><a href=\"https://webkul.com\" target=\"_blank\" class=\"unset\" rel=\"noopener noreferrer\"><i class=\"fs24 within-circle rango-facebook\" title=\"facebook\"></i> </a> <a href=\"https://webkul.com\" target=\"_blank\" class=\"unset\" rel=\"noopener noreferrer\"><i class=\"fs24 within-circle rango-twitter\" title=\"twitter\"></i> </a> <a href=\"https://webkul.com\" target=\"_blank\" class=\"unset\" rel=\"noopener noreferrer\"><i class=\"fs24 within-circle rango-linked-in\" title=\"linkedin\"></i> </a> <a href=\"https://webkul.com\" target=\"_blank\" class=\"unset\" rel=\"noopener noreferrer\"><i class=\"fs24 within-circle rango-pintrest\" title=\"Pinterest\"></i> </a> <a href=\"https://webkul.com\" target=\"_blank\" class=\"unset\" rel=\"noopener noreferrer\"><i class=\"fs24 within-circle rango-youtube\" title=\"Youtube\"></i> </a> <a href=\"https://webkul.com\" target=\"_blank\" class=\"unset\" rel=\"noopener noreferrer\"><i class=\"fs24 within-circle rango-instagram\" title=\"instagram\"></i></a></div>', NULL, NULL, NULL, '<div class=\"row col-12 remove-padding-margin\"><div class=\"col-lg-4 col-sm-12 product-policy-wrapper\"><div class=\"card\"><div class=\"policy\"><div class=\"left\"><i class=\"rango-van-ship fs40\"></i></div> <div class=\"right\"><span class=\"font-setting fs20\">Free Shipping on Order $20 or More</span></div></div></div></div> <div class=\"col-lg-4 col-sm-12 product-policy-wrapper\"><div class=\"card\"><div class=\"policy\"><div class=\"left\"><i class=\"rango-exchnage fs40\"></i></div> <div class=\"right\"><span class=\"font-setting fs20\">Product Replace &amp; Return Available </span></div></div></div></div> <div class=\"col-lg-4 col-sm-12 product-policy-wrapper\"><div class=\"card\"><div class=\"policy\"><div class=\"left\"><i class=\"rango-exchnage fs40\"></i></div> <div class=\"right\"><span class=\"font-setting fs20\">Product Exchange and EMI Available </span></div></div></div></div></div>');
COMMIT;

/*!40101 SET CHARACTER_SET_CLIENT=@OLD_CHARACTER_SET_CLIENT */;
/*!40101 SET CHARACTER_SET_RESULTS=@OLD_CHARACTER_SET_RESULTS */;
/*!40101 SET COLLATION_CONNECTION=@OLD_COLLATION_CONNECTION */;
